"FimA_del" "WT" "FimA_over"
"thrA" 2534.44244271806 2257.21167375405 6889.04917344161
"thrB" 1465.86710097058 1487.67541831549 3669.53483867315
"thrC" 1288.46990487845 1255.30180856711 2145.71379637442
"yaaX" 519.549606335284 426.057832818952 453.515107214313
"yaaA" 73.3168658693475 45.9981760686158 15.7217708064276
"yaaJ" 96.5023931262877 56.5244799183859 19.5925662941634
"talB" 580.678562580266 265.665614834061 460.323802872241
"mog" 114.288451527445 74.1467064078823 93.586437425831
"satP" 116.06517591471 105.662046425876 179.053540468166
"yaaW" 31.0420999483598 11.524726218922 10.5479753265174
"mbiA" 0 0 0
"yaaI" 87.5835283986407 42.548566395481 20.4901819769056
"dnaK" 2463.29032635857 4709.83493480576 2223.46291878712
"dnaJ" 482.298508497781 1129.37597120764 180.196115017879
"insL1" 206.10733559216 190.97682278242 96.6942149946433
"nhaA" 606.65263367035 774.401579708273 227.592350835951
"nhaR" 160.782117222718 142.117865475778 143.294517698042
"insB1" 142.054849639283 67.3781630722019 84.0365727973736
"insA1" 1164.96107673074 583.80713471303 469.129265119153
"rpsT" 14441.700813583 20898.4837948905 10230.9442579767
"ribF" 128.429214864803 97.4422433523915 225.943466976105
"ileS" 103.909290613967 121.976922931136 216.244476434447
"lspA" 169.840879303951 155.973234577258 421.318169479493
"fkpB" 230.313897025216 178.61991409318 368.80472682592
"ispH" 149.988610043843 87.3235053074624 162.870240198393
"rihC" 72.8661359409574 35.6798485411237 17.5406154196821
"dapB" 124.971060716096 581.372903984195 1353.73224326966
"carA" 72.7155524078473 36.5792099290274 238.344498042965
"carB" 59.8856045976583 26.8788445861939 241.095400006987
"caiF" 384.061709218968 439.349928786675 83.3510490002041
"caiE" 82.8747852155332 51.6688087710581 17.1915456463182
"caiD" 72.8920034264628 41.2692738229788 12.1621108590593
"caiC" 73.9953016665589 31.9653830655985 13.7973276744844
"caiB" 74.6564578585058 31.8829953209829 17.4851595689124
"caiA" 67.6449644315828 34.5962254733663 32.7621405661458
"caiT" 51.4146942684298 27.3097647968991 5.98901205533113
"fixA" 88.0735899341354 39.3948999135142 5.99661912472629
"fixB" 45.1584022342572 25.3002857368969 9.60210744304347
"fixC" 55.9233575349506 21.2958124332797 5.35220938439809
"fixX" 475.354043239399 160.686495689261 43.1006645026113
"yaaU" 67.0194853819111 27.2925101368834 3.75283612203094
"kefF" 125.457935270788 94.2218185599485 20.9095722801455
"kefC" 93.3713773143562 53.6212359142952 18.7761373637441
"folA" 238.114929839226 224.355185480033 104.263941772604
"apaH" 181.916877329729 151.259563814821 160.441248578371
"apaG" 597.921852492026 559.762072585693 507.400103747613
"rsmA" 212.820080068624 227.66928033439 173.488476477932
"pdxA" 141.222597777833 147.063964609407 75.107388212317
"surA" 658.322109993183 1069.29919456653 334.056190601821
"lptD" 572.397005013977 755.763931774578 245.297119288327
"djlA" 120.034187358788 69.7320741174612 52.2899541741291
"yabP" 225.239549976496 170.528730701067 44.1278632364624
"rluA" 177.55320740359 159.51477371399 332.924206020185
"rapA" 86.1482470659164 86.2230264986078 124.613766096648
"polB" 72.532821558289 53.9228156008015 65.060345346197
"araD" 114.515601439911 104.624326663959 9.75743398797001
"araA" 84.6741616075869 118.139349663986 9.71764198870493
"araB" 75.6876446615002 66.1483009814102 9.2271577988235
"araC" 230.085809482232 179.880544968982 25.8840836755481
"yabI" 216.31295641275 271.039654553499 131.626877447855
"thiQ" 101.040016381605 56.9012376120836 54.515908462997
"thiP" 59.5586191730179 28.0637991631308 11.4290653745656
"thiB" 88.8452064352914 33.7693472217046 22.1632231198325
"sgrR" 67.4921424869434 29.5564493385168 31.6479093482559
"setA" 80.3214237319274 52.3238407355633 24.927735708556
"leuD" 198.666991786957 456.472891970264 68.5188919436444
"leuC" 152.532248387226 355.93302959828 48.6748308185037
"leuB" 222.206110122727 393.272182463362 61.7866575637669
"leuA" 146.874918617092 243.352790233999 40.7245518307101
"leuO" 36.6699103412851 27.4922225944268 17.5600019435092
"ilvI" 120.2037490164 87.3785315352339 47.7670521743036
"ilvH" 260.654424569431 151.599237775095 94.489955788388
"cra" 152.596351005847 137.480264239531 82.2256330104995
"mraZ" 1112.01369575164 1113.05815808973 489.240534565553
"rsmH" 542.701507701765 507.017726167415 220.456548437222
"ftsL" 1010.22170530332 955.084147956824 442.765622906389
"ftsI" 133.152652474841 151.128892860723 76.3921632591154
"murE" 116.827184707777 136.908494240169 86.007946574785
"murF" 91.4019906107362 107.021665688434 78.9593094980258
"mraY" 99.3818109798409 108.496678100493 75.6316368492692
"murD" 80.5734895370207 82.5753120216343 70.1530453617535
"ftsW" 75.0478850497581 70.51717531754 61.0962542750711
"murG" 111.364088405451 92.2178522109864 105.846714031887
"murC" 81.4370792396768 75.8129479013131 91.8183830969631
"ddlB" 157.461485928502 140.227184607317 140.276206342571
"ftsQ" 203.341720272295 159.630589162011 140.178741148928
"ftsA" 154.912491849449 162.760974975157 142.599667639204
"ftsZ" 411.688407778595 517.232650369428 371.188501171771
"lpxC" 2229.62265468364 2484.97419035128 11215.1026412097
"secM" 345.290370945777 377.659676374505 440.446651163929
"secA" 221.223090014635 261.591019949467 227.682236812103
"mutT" 338.665142206644 226.11408800604 84.0502281534776
"zapD" 192.52818373053 137.44380783945 62.4423236007807
"coaE" 220.672440701212 165.057932216683 78.9394371395516
"guaC" 70.7594325150408 31.9337498779414 44.8872103184669
"hofC" 53.8438470855034 23.3006606708925 18.7560455136399
"hofB" 37.9140028957274 16.5337948392371 40.6231243477814
"ppdD" 162.002239727878 58.1403072991328 12.9557748491762
"nadC" 104.394787775522 53.1973246512037 40.8658299268839
"ampD" 155.72767384731 144.322171247214 64.6433257843885
"ampE" 125.0102797966 123.002945272657 46.4317991113828
"aroP" 81.4477267113111 59.6863061337759 75.3737135869777
"pdhR" 84.7946789137979 50.8077218341093 103.929839107124
"aceE" 238.21176172493 222.151708792255 302.00056794863
"aceF" 202.965949384738 222.960767832947 306.19431335918
"lpd" 222.864763929516 192.514974208066 717.236814840931
"yacH" 63.6949718067367 28.1048809678794 16.4372157413019
"acnB" 290.600756522392 282.860978108302 660.70959560116
"yacL" 1042.96694514468 1099.85255769995 245.327593354378
"speD" 93.7154488943644 56.8019728215939 89.6995832957757
"speE" 69.9954840653434 48.0958145726529 102.92268269177
"yacC" 286.714988987065 190.285020363855 312.869870947092
"cueO" 99.3689731404945 85.5156460998403 42.0075880738495
"gcd" 115.311280439403 147.211538089363 122.381633937781
"hpt" 145.231060673013 114.674713036193 195.625797758397
"can" 185.719307980979 129.402786495832 809.572399129334
"yadG" 184.371084836076 133.049284383583 62.3014559425102
"yadH" 170.802908634403 151.206895256283 93.5994028598582
"yadI" 203.107285628982 159.611598340072 83.4927712502469
"yadE" 62.5881526467165 32.6051942434414 30.6720045076849
"panD" 2447.14781738727 1053.45867709818 315.481861111783
"rpnC" 86.2867059827743 33.893630949941 25.7584425784809
"panC" 190.772632022083 116.963460066984 197.253604974174
"panB" 112.499373291492 76.5351257174075 125.579416614086
"yadC" 28.9986571248947 16.2027880927001 5.20221284237667
"yadK" 25.2947801780007 16.1325749047313 3.92818501769398
"yadL" 48.9560949554502 31.4217885586539 6.12459369328666
"yadM" 25.7381740291453 14.0362601919938 6.39504720944834
"htrE" 20.8238973986161 11.2824441335057 4.60344605888285
"yadV" 31.1149168582902 15.8003143043187 4.1515400291753
"yadN" 25.5574657293942 13.3850671120929 3.25632937827345
"folK" 55.6761422588586 27.9317700798435 29.1939036963292
"pcnB" 83.6630459338845 79.2858160254864 86.2883485295357
"gluQ" 86.6183871032719 117.970365486776 50.0815562238828
"dksA" 12395.2492107186 14447.1555375046 517.150401796251
"sfsA" 2747.97264444876 3694.44845466789 66.0438026670335
"thpR" 168.621919431477 58.7973363881851 45.7092975426437
"hrpB" 61.9264846108858 31.6162329965541 40.3521448977992
"mrcB" 60.3153490218091 39.1118700184115 62.9165384892896
"fhuA" 46.2744051035108 29.6211070009636 217.158050887343
"fhuC" 72.2799725222243 36.4946882850043 112.002219192201
"fhuD" 48.6377941490985 24.0685424146583 44.8676808567197
"fhuB" 65.957901289441 30.9126586872328 30.8903286273547
"hemL" 148.437207370259 136.728790329244 134.586632154807
"clcA" 106.458341965439 87.4787559951616 69.8526660968361
"erpA" 2261.51179540756 1500.36114061665 1739.62114745518
"yadS" 93.6648268357208 47.5057547560531 47.3442652014614
"btuF" 84.800863489899 28.0850221546347 25.6291963086445
"mtn" 194.365154665106 125.272685177591 170.51364702593
"dgt" 80.9737281629257 51.8272782312775 18.3511789959184
"degP" 249.574796612406 288.138354018923 90.2879998129878
"cdaR" 66.6360720421467 32.2615252563284 10.2921101285361
"yaeH" 2090.50963184447 2579.75970677186 257.819957664514
"yaeI" 79.6013352724341 38.3561750907268 47.5062466054745
"dapD" 304.097768730809 288.439979763144 334.295448636162
"glnD" 88.9396196209155 56.533921018963 173.913243990786
"map" 323.001830394084 229.052111183181 295.51029385775
"rpsB" 752.532574323421 1159.33407820583 2399.24959642949
"tsf" 424.533681124577 538.83166646243 791.494179502084
"pyrH" 144.176801622712 107.184915690143 165.908595039935
"frr" 1789.23511040983 1466.44292251571 576.084304281913
"dxr" 171.53958817044 129.554094874226 123.547612398528
"ispU" 193.452461300336 168.86741708912 100.82835003523
"cdsA" 161.460026790707 170.051271731796 83.9212777182341
"rseP" 152.640466226399 170.337537052935 129.699323645752
"bamA" 229.831396663844 303.178020753807 210.95362899113
"skp" 1726.01647028606 1831.89570229914 1714.54297222968
"lpxD" 582.664280812263 569.556507602807 631.887420634653
"fabZ" 708.252116187219 791.624960959157 700.418907587449
"lpxA" 273.393841894054 302.536081740081 389.274559509442
"lpxB" 83.2789603589871 65.0666552373911 187.873317989619
"rnhB" 121.285228032978 63.6503409877582 122.952191053822
"dnaE" 72.0709297793534 49.7074252731314 81.9185145236928
"accA" 219.670180765672 152.255094541286 144.944891348153
"ldcC" 107.368931855745 85.0529711635878 34.7903184891859
"yaeR" 383.31502413936 272.869882475084 145.357453394838
"tilS" 65.1556212291383 37.9269490770494 55.8757340733869
"yaeQ" 151.737803305732 99.2829993458592 129.171361049374
"arfB" 142.341678539897 87.7959336712253 166.412493110399
"nlpE" 225.766478917708 202.04424655622 248.323410373708
"yaeF" 66.8899097144691 34.396292986283 42.2590997922834
"proS" 146.43920094719 121.213810710977 108.813485551502
"trmO" 100.227474931286 46.7186245398786 38.2959573972117
"rcsF" 115.519653836138 64.5091167931484 177.284617974097
"metQ" 121.409374448004 102.380169887468 601.334473002485
"metI" 100.11370939552 50.3913637984469 633.375757056126
"metN" 59.2703203264648 27.5792982361456 588.369964343043
"gmhB" 212.712330009043 125.166587805712 118.826429606974
"rrsH" 106.709548380991 70.9829638661789 53.1903931910186
"rrlH" 118.985641200109 83.8641808549959 61.384866323453
"dkgB" 58.8321858906858 30.8314448407934 16.1760351563933
"yafC" 89.707050655 50.2829933026806 58.3327443026637
"yafD" 365.249433460066 333.737600928452 682.130917137771
"yafE" 104.472306855227 95.5544324236039 353.261055733981
"mltD" 69.8430428253779 49.746251639096 46.1307866928187
"gloB" 77.0845385161661 73.8186818021853 36.5168725378245
"yafS" 96.0334020495627 57.5654659014615 44.5441912104294
"rnhA" 120.419570863052 86.7621534522161 64.8010016722486
"dnaQ" 158.080965580374 118.36506242106 83.746809028569
"yafT" 42.5722527134612 27.5753784180813 5.32092350083844
"ykfM" 17.8959028689188 9.91127325413801 5.9579395298631
"yafU" 72.2494845429253 34.3456183599198 11.0539417598951
"yafV" 122.704467529597 115.867352686807 102.985415402908
"ivy" 264.225916551412 193.172556585435 148.106703043352
"fadE" 607.019061462794 1050.22291966814 18.8990995393016
"gmhA" 330.282211142169 206.432096941739 189.447451391134
"yafJ" 137.837044013067 75.3715082800177 155.510113970581
"dpaA" 234.838131616585 224.282383566498 366.719369243818
"yafQ" 1794.31419636686 1743.35262085792 2408.44683534655
"yafL" 86.2781058325971 50.152823830572 20.1096230403164
"rayT" 157.12884549597 84.4881669844672 43.0497045930145
"lfhA" 64.0171518158374 30.9708922460424 12.7563415928657
"lafU" 87.2156492925767 41.7841595106709 10.7402566287719
"dinB" 116.885186728193 95.3445482444396 59.3468717573896
"yafN" 1649.21967265677 1472.89420567662 340.349440419278
"yafO" 247.346293655452 157.575573385904 57.5132047163455
"yafP" 179.680004788202 109.501345476601 32.4698859460154
"ykfJ" 2215.48543675455 1164.68932364967 150.674692972735
"prfH" 72.5937972777911 33.700410560385 22.3543262974228
"pepD" 181.18007881718 144.863583018135 203.070366531538
"gpt" 136.321995326943 87.2302631731762 45.3122105839238
"frsA" 81.809954456014 50.7123516113372 89.8074116292804
"crl" 182.942284642299 135.567891073182 50.2012702982343
"insB9" 0 0 0
"insA9" 0 0 0
"phoE" 44.5864855477261 21.0500950669542 7.73358668793181
"proB" 126.665774563054 119.453579001056 195.435036452205
"proA" 249.907475102599 205.172554155703 178.673223503975
"ykfI" 248.924117447812 129.802075523607 128.147231398683
"yafW" 466.512651204856 242.745435599666 119.348232322351
"ykfG" 116.422867762633 59.839397139332 42.2655580825823
"yafX" 160.508155788175 75.2672556522835 53.8492937374166
"ykfB" 524.797955114964 671.691616561387 230.26375351498
"yafY" 116.542807801721 55.5652291767562 29.7539015109274
"yafZ" 113.504042703266 55.4691538825501 39.634166308912
"ykfA" 154.61081894598 126.717043948251 41.1061999586757
"perR" 80.7939859186803 44.6421993417996 31.3866425727097
"insN" 30.2481476584736 19.1789725140494 29.4293020574099
"insI1" 0 0 0
"ykfC" 112.277506359949 54.1651768158908 71.1995154955198
"insH1" 300.66552763552 213.852945947376 96.2512601686149
"mmuP" 78.8338206203898 34.4407728598703 210.256969944525
"mmuM" 191.651615880245 180.208860008672 285.922307650523
"afuC" 65.7717434834765 29.5573831539765 53.7289987694846
"afuB" 290.872229218235 108.132708528715 135.711276348118
"insB2" 132.196153449806 72.2488736557348 126.05485919606
"insA2" 694.765943351467 377.757557755491 378.912098750086
"insI2" 4.71163489465858 2.40271243431368 3.77383237660122
"yagB" 131.376315389816 103.509149784887 69.2320103684208
"yagA" 63.4433639151755 33.2506805162053 16.7616322614079
"yagE" 102.821720000614 66.855056333446 21.4060870387854
"yagF" 138.571455900284 82.024789937498 28.0130612567919
"yagG" 93.7257688062078 54.6460977231229 75.9675473838288
"yagH" 101.338546055583 59.7722475682267 197.6731393914
"xynR" 128.066006978329 85.8330142207638 895.75897306224
"argF" 69.1887393609603 75.4222816328512 1491.01284312707
"insB3" 125.922437692866 87.6727905035879 113.664851668243
"insA3" 694.765943351467 357.152600059736 366.883143234209
"yagJ" 111.096432618711 62.5285400422205 40.3225376804221
"yagK" 55.6793929073783 28.8078477074031 28.5396122320397
"yagL" 21.4025650463498 15.5185193487501 6.96592163693849
"yagM" 10.4634154895833 9.11746898921314 2.01877387440795
"yagN" 93.6953252157505 58.1403072991328 58.3009868212931
"intF" 77.9885711641086 58.5308256288225 77.1272681568562
"yagP" 211.682458195175 96.1689657775901 133.680180296606
"paoD" 78.0304756931091 51.0649721730566 32.7948383869954
"paoC" 69.2494128168044 55.185997561291 16.7121286183885
"paoB" 78.1871633953042 55.1671444528867 19.3700507431961
"paoA" 91.9774354498491 83.3563706131619 21.6378274301473
"yagU" 107.432075828361 69.872450356136 122.800992054254
"ykgJ" 326.394173747831 133.885743392944 197.689500160024
"ecpE" 86.4792199287785 43.1232032194748 35.0955888770443
"ecpD" 64.2910568281988 38.066757375816 30.8537752279358
"ecpC" 57.1345869253358 26.8442574690615 9.49860459499855
"ecpB" 69.1896122128738 24.8715013993933 6.1700111097688
"ecpA" 88.6318603682226 46.115634473195 36.3050834841586
"matA" 45.5646229471857 22.6984362231237 2.79862370986575
"ykgM" 2089.43756451838 2712.98775430627 181.078659433215
"eaeH" 55.653017717443 24.4979035779497 5.52866017985766
"insE1" 419.434373379596 269.501910185233 238.256088084498
"insF1" 108.501997150134 51.832989353636 48.8222981999423
"ykgA" 93.391930615947 52.9566130538935 11.2050485010922
"rclC" 114.195860394818 56.5297862728949 6.34048268342748
"rclA" 81.0196348190202 62.0084632086339 6.54130945277545
"rclR" 62.0462181663009 38.1275975912549 8.29940370589934
"ykgE" 52.9613041625073 34.5507602881051 5.78460540922043
"ykgF" 73.0067888479473 38.707546331474 9.76387252534528
"ykgG" 155.360334557429 83.5635855822527 16.4656698546994
"ykgH" 23.7755810306787 14.488253242365 8.1184356707484
"betA" 60.971314578229 33.2198779630785 92.5113388904296
"betB" 89.9194331260983 54.0774275721306 231.327610259052
"betI" 160.270394124493 87.1073095604795 364.261004291058
"betT" 91.6918598230651 50.6674852143443 50.4637659997217
"pdeL" 69.0239753322829 39.3509402272482 12.1110412603768
"yahB" 79.1922002959863 162.334485276105 13.1047724339823
"yahC" 151.61555267155 726.681475639803 10.4864665034266
"yahD" 98.2280356848065 754.979883277475 8.80410343409957
"yahE" 52.9835905861659 190.40215624183 5.96702902625936
"yahF" 71.4580631121999 169.900916050616 8.65027351622082
"yahG" 78.0015531938101 144.476144006657 9.49200525734948
"yahH" 264.958322975559 389.6419713146 94.031640747459
"yahI" 65.9064809149447 57.2168719416542 14.7008767875034
"yahJ" 74.4750403584599 62.8912553250066 77.2814515052474
"yahK" 431.421200464826 408.485614751702 151.941047111011
"yahL" 17.4845215629003 13.8399536416335 4.07765697688162
"yahN" 128.353914463873 103.073324662227 8.38263845769819
"yahO" 117324.212534846 140635.704592753 2153.18303734176
"prpR" 330.331290513187 474.36944211067 10.0160225009017
"prpB" 16041.9907456677 29554.4509035994 10.5820002020566
"prpC" 5662.77491156175 9482.69986675881 8.53805582955922
"prpD" 3073.77103935431 7118.47872433929 5.96614096213588
"prpE" 1412.78389136487 3679.78584917975 9.66308194779556
"codB" 70.2092005638614 35.9603373624417 10.8575477088709
"codA" 53.5281523596768 23.3786852257142 18.4599670457344
"cynR" 69.455558101824 25.578215483838 16.4867802739276
"cynT" 80.5818402831677 46.1753292329972 19.2518484039588
"cynS" 69.9782232780993 25.8435538239039 16.1318407716759
"cynX" 63.3213574461077 30.7183439206002 12.5712241960559
"lacA" 69.5419598130876 40.1487082535353 10.5386226076027
"lacY" 55.1444186819801 31.5192619427603 4.85451777067403
"lacZ" 56.8477302683853 24.0880043150021 5.25961254071955
"lacI" 147.6795135121 109.813966686702 4290.9975125966
"mhpR" 399.79901027188 338.725808790601 19.9884376334743
"mhpA" 72.654451888918 31.2592705067562 5.44810956841589
"mhpB" 61.7011100090317 26.6285925652826 6.43866737928669
"mhpC" 79.1722698939618 31.1972851282074 7.91712943782846
"mhpD" 85.7952840003219 36.2341319356217 9.45549597651044
"mhpF" 53.7366990673412 21.8308763268655 7.15700580444246
"mhpE" 90.3773943623233 39.6132661254701 9.93479850853776
"mhpT" 69.04820822392 38.3976547789194 18.7206765442448
"yaiL" 226.440384310732 143.47690918152 77.2423482867655
"frmB" 81.0634832821611 44.6822477349346 33.4690118513988
"frmA" 150.951123814998 104.115952553859 36.229826407103
"frmR" 2168.51188379397 1449.2153579347 360.868665476272
"yaiO" 88.1966594830593 45.3076209369608 22.8113287812254
"yaiX" 11.2316094618934 5.78787118907145 1.89962023317435
"insC1" 0 0 0
"insD1" 0 0 0
"yaiP" 36.7085395881035 20.1902485518274 9.72365467951384
"yaiS" 32.2781241730351 11.6173613146333 4.87455949777004
"tauA" 91.3455314101531 41.7927222230306 11.2194801271644
"tauB" 95.6903035660138 35.7431894936164 11.8009361360475
"tauC" 63.8441172287888 34.2140835724735 15.2653403513093
"tauD" 66.4198718838974 28.824328478046 19.3872114603188
"hemB" 120.817848879302 77.904881243367 125.662399541492
"yaiT" 14.5240258021788 8.88807336199901 11.7521195780747
"insF2" 0 0 0
"insE2" 0 0 0
"iprA" 31.8220245018795 20.9025320926634 8.01210641870884
"ampH" 236.387817609367 193.130219221558 60.2610506076607
"sbmA" 82.7177946198098 58.030136594937 54.5239743957326
"yaiW" 97.29891207512 60.0767763867344 60.9250496803695
"yaiY" 584.460304432516 469.745111907209 197.137492165399
"ddlA" 109.46127608451 86.6333081883362 63.8109730862817
"phoA" 57.9918979756519 33.8271154109534 19.4972240736372
"psiF" 3862.62371521512 4246.26846185825 296.099634694125
"dgcC" 71.6932643529903 36.8408847895938 19.0838618941877
"proC" 118.365715889333 68.1632184927536 33.9428060695247
"yaiI" 119.831431376103 93.7102255803264 183.218938448039
"aroL" 128.303303018092 75.8250254478324 554.672273981852
"aroM" 262.69025729732 244.047051690317 206.603411003521
"ppnP" 2733.86707911201 2572.75000928745 1043.01366559304
"ykiA" 365.356365931464 369.813460454049 176.965224312467
"rdgC" 104.525911756247 55.8084376173568 31.1432721932597
"mak" 121.8378482495 97.6995482327404 28.8158863983651
"araJ" 86.4108321789609 51.8773011641887 35.7747845642779
"sbcC" 47.376188862729 23.5891798339846 11.0967122520832
"sbcD" 61.0230266969038 38.4513144703516 31.6863496177402
"phoB" 175.824268870982 104.252871235194 65.5317059313033
"phoR" 64.606618339638 35.9449220132476 31.5771717119222
"brnQ" 180.983062325584 152.879611153602 221.252283169747
"proY" 103.598372002233 81.3502246564059 88.9795117264803
"malZ" 57.2190701673644 27.9240468087749 33.7819383202304
"acpH" 112.347978815796 73.3861811905669 67.7752735586376
"queA" 80.9248758783099 34.0281547182742 68.6551378029621
"tgt" 69.4435657486129 52.2252033577486 74.5164870138284
"yajC" 1003.37926072258 901.915231744646 713.336100422219
"secD" 76.3103526023235 52.8262154605207 99.8405299438251
"secF" 121.020464152838 86.8188682517991 176.699547457043
"yajD" 362.75679041407 234.722839490743 122.862141102511
"tsx" 197.643465257336 187.301070184803 29.2701949228245
"yajI" 147.576664257684 81.6334138446577 28.2593957146703
"nrdR" 287.316586538956 203.689375720294 331.031430782296
"ribD" 140.897884064521 83.2555247583115 187.344787378291
"ribE" 283.023036369201 181.844642360924 323.877726262107
"nusB" 263.358304972782 173.327922971523 682.512205733839
"thiL" 72.4005771066457 37.2102713796999 89.0147022477952
"pgpA" 326.30226689715 308.461066633269 358.826738600584
"yajO" 1277.06451893786 1480.05485887841 229.259080115876
"dxs" 93.5075864716347 59.5791510158837 77.7030327508518
"ispA" 88.3979830386847 58.3984558335817 74.0861645220799
"thiI" 78.8793678317438 41.336475422202 114.092558092948
"yajL" 162.777964586685 133.801308262624 122.339836459846
"panE" 132.835012856898 111.011905721246 85.2342186341845
"yajQ" 579.284426393907 676.431528551411 234.244561056243
"yajR" 58.0016543270502 31.0226167604731 20.877410942216
"cyoE" 821.649853472495 1059.01586624497 126.984002424679
"cyoD" 3154.0975443901 3616.35470325889 321.245437760039
"cyoC" 721.241701048282 893.031158336594 87.3417390294691
"cyoB" 521.769061349597 599.746751413679 75.4291802861982
"cyoA" 1081.16950126817 1137.7314526143 86.0608282286686
"ampG" 71.201327273499 35.1525848174892 8.82869068240029
"yajG" 182.614542052673 100.116467435708 19.8982005837515
"bolA" 29576.1435292314 25020.2435671684 659.556020728784
"tig" 323.045773642533 285.87437866826 92.0078484857384
"clpP" 1205.33422995327 1646.41372911693 549.557662992346
"clpX" 1320.27642988017 1575.0425395401 579.282382362428
"lon" 455.989639588283 856.172232812958 399.819539106962
"hupB" 5895.30951865452 8749.3261323316 2555.06365640777
"ppiD" 137.751096929655 116.904290622816 95.0257397901438
"ybaV" 136.974354956141 129.274710340222 70.625206548424
"fadM" 311.93991174382 648.924861307405 76.0658513990375
"queC" 135.815002145365 93.0748880062489 85.0726275826135
"ybaE" 137.889402686617 95.3273552366399 16.2174288585383
"cof" 89.8840602239512 65.6506293127585 42.4689380425625
"decR" 202.284251130303 158.509849651829 76.8337483814361
"mdlA" 79.9498931553525 52.2588460653039 23.9725035963698
"mdlB" 65.346152078851 34.2879532359388 27.0088565723824
"glnK" 379.309793850357 152.647192710754 53.6905742623477
"amtB" 89.2009448133527 45.1816561084447 28.5886306142239
"tesB" 199.362958249717 170.841176612668 49.3045491755451
"ybaY" 511.568540402821 365.217220204251 437.536414044965
"ybaZ" 318.446327746545 225.347599572121 251.161858246863
"ybaA" 907.643162897046 796.902963950979 132.984613327973
"pdeB" 111.631527272725 89.1010478542494 47.310526172281
"ylaC" 813.82081886382 553.99181742514 661.405471638708
"maa" 137.759096095697 167.020728696893 230.998178152605
"tomB" 914.654640507104 1687.2892673603 1029.87264962848
"acrB" 142.358714918732 168.868845310831 79.8322055933114
"acrA" 143.798728695738 185.989303829029 76.0290722841981
"acrR" 146.44071371052 129.589880450012 69.773485647815
"mscK" 53.6462303355677 28.6379486425776 28.7649148847351
"priC" 109.323893028405 83.834437120039 87.9936956376154
"ybaN" 280.391924615826 180.104715197511 350.192806646322
"apt" 135.13867850692 65.0466123931108 120.697678212809
"dnaX" 96.6340684085184 93.3319397358946 131.575726202081
"ybaB" 952.506074350643 980.389153232205 1376.76616182874
"recR" 161.397190466033 152.824153444362 266.802612763799
"htpG" 316.563297831021 697.317041609717 221.482886668932
"adk" 176.815953875114 119.314155198071 196.794152887198
"hemH" 137.639695288088 106.024489934936 34.9895651423433
"aes" 100.942192439908 75.9162774817329 24.8258707183925
"gsk" 74.0806214636858 37.8031081797765 57.0965610092388
"ybaL" 137.06667218906 135.582401185244 97.9026683931508
"fsr" 78.1728608494906 35.7818333421078 9.3429828248442
"ushA" 121.324351184679 109.007916716589 45.9830231480538
"ybaK" 214.750834427026 148.218586391427 564.216873478035
"ybaP" 86.7735637910783 72.6622639341169 505.307652566203
"ybaQ" 1038.52212440592 1077.60213642239 710.912021806979
"copA" 85.6770827208403 53.2265333077836 77.416655527446
"glsA" 95.5823892916716 38.53246356283 24.0254161289677
"ybaT" 98.5127464688736 31.1856629458197 56.3280589560088
"cueR" 391.290335962982 231.907855196247 395.727691422119
"ybbJ" 720.637644651703 561.264436188551 251.515603675982
"qmcA" 461.261174522879 376.447664103389 86.6979655984611
"fetA" 52.5380514594643 32.6026070989968 15.892570077194
"fetB" 81.9264336695583 40.6084463857784 22.8076013158623
"cnoX" 347.311966777044 427.526409512376 199.409997149851
"ybbO" 117.372714917107 87.7152995867278 70.3100982868723
"tesA" 150.364135926342 106.346727517983 82.7287493814822
"ybbA" 160.429426016983 96.4319111068713 54.1577344219457
"ybbP" 71.5770210478758 38.3682006490835 16.5399822089732
"rhsD" 83.0118765910674 54.0559961385607 16.5808790992669
"ybbC" 19.1031227026273 27.4941557522648 10.5184941291783
"ylbH" 35.3668518476237 17.511960698264 8.25778561812805
"ybbD" 33.1373406983692 21.0162130045145 3.97733818435255
"ylbG" 262.208050916041 158.695851314204 61.5122766712079
"selU" 66.6968348902032 25.1401834388496 18.7585021384296
"allS" 84.9809884812818 44.0540963847862 8.81435389540337
"allA" 114.755329851496 57.7727431241653 20.5801199138377
"allR" 109.229145943512 91.3791810954005 97.144180919827
"gcl" 59.1773605543929 32.0236544373391 7.32593168466582
"hyi" 59.3718712083188 36.2641222117717 7.2165505340979
"glxR" 74.8131773163087 45.2489590533133 5.17681673510965
"ybbW" 59.1136349784282 37.9965956889588 2.80719026638527
"allB" 79.3626130331478 57.1192538371543 6.8156936760829
"ybbY" 96.8232064412872 66.1807616646745 7.46309308220562
"glxK" 89.3536686179615 62.284392231825 9.97700217134673
"allE" 91.9975997661625 60.9659726930366 23.8174670989911
"allC" 79.2084075430734 48.5561362070081 15.1050222368161
"allD" 70.0834824209121 35.1841610751314 3.55714826012399
"fdrA" 59.5504728382275 26.0870742104481 4.482772722309
"ylbE" 71.956241324393 36.9455520847004 5.361751954998
"ylbF" 96.8524621405601 37.6162842567474 9.35462482931668
"ybcF" 103.533444642061 45.1088425404943 9.05789013843301
"purK" 81.9012591913873 33.7888162201631 49.1963600429895
"purE" 85.7202674949407 36.439841316949 99.957379710332
"lpxH" 128.359141805804 66.5200939305776 60.9249583007163
"ppiB" 2038.0905516474 1123.4288382389 515.192774880758
"cysS" 83.4883797780596 58.2619437192164 32.5223253576078
"ybcI" 90.9676438305682 46.4727042166019 20.6054883678454
"folD" 105.623005517627 60.7697116559871 100.283639545827
"sfmA" 114.72195949912 692.602835754751 17.7121049982411
"sfmC" 49.7068649393899 40.3621411881567 7.67503767020067
"sfmD" 47.0365236627067 22.9269952299666 6.77274972770391
"sfmH" 45.2522273863962 22.8760094082515 4.98672520196231
"sfmF" 56.8016375359225 22.8176994802427 5.65469656656498
"fimZ" 36.0335200587727 18.5417271782376 4.26657873678907
"intD" 85.27858761035 54.8287134047153 64.901964790773
"exoD" 29559.3961333335 40567.6450136109 12869.5190097178
"peaD" 546.21416978751 363.555743024453 383.26693610672
"renD" 35.6672546259795 23.5633792321899 14.8244634254507
"insE3" 0 0 0
"insF3" 0 0 0
"emrE" 127.866922280988 70.3328391727476 157.95299366492
"ybcK" 13.8736679119034 8.70599346244577 1.27126615623249
"ybcL" 64.3874036099452 52.8503725694024 10.849229502275
"ybcM" 167.908812572696 135.15871992989 28.0005547980504
"ybcN" 61.3930124354562 24.8015492883624 6.6643093014981
"ybcO" 403.671241782244 207.981610909606 18.020990034254
"rusA" 159.637797726226 87.3669286787253 7.39681185993097
"quuD" 106.886821889496 61.914614003549 17.5833351113725
"nmpC" 33.8695957515538 17.7834425532695 9.37473319634115
"insH2" 0 0 0
"rrrD" 95.1043012212449 62.8458779047023 33.667076668896
"rzpD" 250.716200176984 177.739726583598 70.5498833213697
"borD" 3389.52051066737 2690.16214425234 1051.07915423601
"ybcV" 469.036131685886 440.005953009793 289.640390642646
"nohD" 1070.95547824348 666.268490383714 141.627170864849
"aaaD" 923.89686585294 729.55988619217 150.895364373515
"tfaD" 194.874348499932 110.289265288404 21.2942592839014
"ybcY" 56.9838051127702 31.7583692980192 15.4588862293501
"appY" 15.1599772522393 13.6963534958992 13.044079809935
"ompT" 57.7531253297988 37.9319353800504 26.5793660235854
"envY" 62.017943161525 29.0947354239693 11.9401993462772
"ybcH" 75.6395588724417 42.5106723167992 14.8148002828792
"nfrA" 59.7498497480303 31.8140930053201 22.7205028891794
"nfrB" 64.1307995657 35.3347318126711 18.2192018050542
"cusS" 71.5269819143984 35.8847887790365 20.1888427997795
"cusR" 111.060341641397 69.4025036065266 17.8649797917955
"cusC" 56.3567302755761 21.4870702081593 7.70593876927568
"cusF" 144.414406340881 51.0257852821895 15.2857735804761
"cusB" 49.7253457161454 23.4054303728134 7.50688641432681
"cusA" 70.438000846187 30.3702624035754 8.96126086687923
"pheP" 99.4100849145452 44.1813428209986 26.2983442771372
"ybdG" 94.6024185683939 45.073497496667 54.6715175480277
"nfsB" 150.863872330091 94.7658483373778 120.947817437845
"ybdF" 301.628253199378 178.712012389722 128.559372689957
"ybdK" 427.131030604114 587.735668649934 122.991570514042
"insL2" 183.832381310772 140.719764155468 83.3516690944084
"entD" 84.7575903927835 44.6176500021878 53.6053852203467
"fepA" 71.8587702517001 36.5731626788669 65.5715759381079
"fes" 78.7393892863276 34.6897728373824 83.4075660341412
"entF" 58.856705999357 27.303595578238 70.6051805931414
"fepE" 55.2232493528065 29.2028060332517 4.59681169504655
"fepC" 81.3324935622554 37.7937195598454 33.340842340385
"fepG" 65.4055370244995 34.5641832749004 64.9506059433948
"fepD" 102.463832231592 46.8412064877707 111.309808878842
"entS" 80.9838664380696 39.866512686398 41.6580167966012
"fepB" 111.561643962839 55.4500528859783 121.782002197322
"entC" 84.8761022110118 39.1564958097789 97.2564742066016
"entE" 87.1964044609039 39.8724627070975 93.6189528942677
"entB" 135.88943431254 72.7377408668495 122.087603489027
"entA" 112.830675778479 61.4065918180078 110.181764569654
"entH" 247.350226371693 116.229309798768 194.247896511603
"cstA" 1375.83137772585 2379.17213700044 39.7631856294664
"hcxA" 190.738008170125 204.125572115363 189.093724212017
"ybdL" 86.6534176617359 47.35592212669 181.969490184939
"ybdM" 102.48077373215 57.4134499274369 55.5491801267
"ybdN" 65.106176259823 30.142862471575 7.11182274726945
"ybdO" 36.8586913351613 22.2379026594636 6.0241518933544
"dsbG" 179.003736125698 127.474410077646 34.722293052968
"ahpC" 1902.0024051008 1676.78723686264 13098.5769199198
"ahpF" 135.428255278286 115.223188693949 980.212894296137
"uspG" 2301.94122293355 1921.03084467738 565.983691087956
"ybdR" 132.836156291344 91.2790608700555 29.4335726608153
"rnk" 997.5173372485 931.389846640495 65.1262416829616
"rna" 177.125298139723 121.024047162167 74.10391103187
"citT" 82.8838242840108 40.8207666195847 9.0276695395347
"citG" 98.1040721411974 55.2865802517596 7.76522510266444
"citX" 201.772154335816 101.974116303783 32.547688506825
"citF" 89.6250057018817 41.3903967986536 4.42856554722102
"citE" 109.721377152864 49.6854623205384 9.46807695946282
"citD" 686.760973891468 314.670164108116 27.9564107186905
"citC" 122.049698011216 56.4980499520973 9.04474321895964
"dpiB" 106.75689186311 59.9714313074178 22.7493738557051
"dpiA" 120.416707949808 54.4180441017158 37.5588396136285
"dcuC" 110.251205351514 56.4248554037457 15.486821598861
"pagP" 150.338152109219 94.9647713817477 25.4514124519158
"crcB" 304.75994670972 230.772652195046 338.2206224364
"ybeM" 227.984217870147 183.324160555797 65.8839937196331
"lipA" 204.808233990941 170.927530454559 167.772893627256
"ybeF" 71.4439207077074 45.1773612391612 19.0678060603983
"lipB" 146.169123305783 88.9630724107724 189.284009246691
"ybeD" 77217.0088181571 178718.068314926 20655.9013653461
"dacA" 83.7295548230261 54.9572902630896 40.5380063514475
"rlpA" 192.318709895292 123.759301439775 103.993474289102
"mrdB" 160.277257243096 93.2355087631053 34.3766770841344
"mrdA" 112.096322802364 60.6210257915588 24.7971887469806
"rlmH" 341.802275375477 211.18480208424 94.9995267233937
"rsfS" 927.336123736482 684.577055791863 370.607668790461
"cobC" 223.217272792901 119.04232377272 37.2615585054525
"nadD" 214.533938315728 127.496496216601 50.7072758715906
"holA" 123.633078676206 76.3537978945143 48.6986627335479
"lptE" 340.098715327576 328.856067176139 316.695369173998
"leuS" 336.321017554734 321.042847120065 247.117396666055
"ybeL" 3389.20548975935 3726.34193150866 134.064781153
"ybeQ" 147.691093215448 131.128447112964 12.8494026257278
"ybeR" 77.7921277447206 41.4297236485717 5.9373577360018
"djlB" 92.4503382466322 52.1160427730957 8.15570528587665
"ybeT" 77.4413295151879 48.9566388274518 7.6083868044582
"ybeU" 124.125996934366 78.8927716286631 9.20290449080279
"djlC" 130.249192978182 69.8222210596378 14.0710871748488
"hscC" 102.444188453776 54.9942517540038 10.7549190273853
"rihA" 194.677929618346 138.712337609198 23.7221148070293
"gltL" 366.654500386863 280.883790919228 109.93943044815
"gltK" 333.569299414349 263.42786802803 106.59798330779
"gltJ" 279.125786998822 222.435593582876 121.224968851919
"gltI" 1278.79255365738 1129.54656541554 506.336289571271
"insH3" 342.167973263798 262.257001487895 172.658811593411
"lnt" 197.615517081647 128.901042217353 108.518160656284
"ybeX" 372.654317198217 365.815528121154 562.978819943173
"ybeY" 942.322580727465 951.523397201227 657.447055800969
"ybeZ" 547.836599991798 552.914611191983 401.583566342275
"miaB" 196.154731246627 161.147800105653 103.992428356031
"ubiF" 212.071047518806 181.47529788763 34.2225788937517
"asnB" 137.616079460186 77.7977360145726 765.124861318758
"umpH" 276.535546460162 177.766155248034 96.9728259586631
"nagC" 200.88607264811 147.741036807958 83.1107128896586
"nagA" 216.304202348343 183.782818370689 75.6314399605361
"nagB" 381.603885704546 332.825749559795 80.3376730444049
"nagE" 267.586511788625 234.317045220849 35.3708951550806
"glnS" 134.818688799222 98.7540631031825 50.1799565511989
"chiP" 155.065710472311 83.1283558248789 7.95331127561277
"chiQ" 385.385569041726 239.41431917322 82.6738928680647
"fur" 2585.30994798602 1725.42022567132 848.085712948248
"fldA" 1334.04949177009 605.503004544167 177.488229819841
"ybfE" 1040.92760404372 663.411026523768 176.848238649233
"ybfF" 200.089484681794 116.466931588958 41.1498855348005
"seqA" 507.194118354423 461.129749575022 278.179752545616
"pgm" 329.585098897532 295.712508518678 163.547997663109
"ybfP" 251.271437874338 128.572531205577 33.5266447861664
"ybfG" 111.222507308493 71.2431141595572 11.541133461844
"potE" 149.462961544919 94.7017165747841 20.6198525767117
"speF" 119.919714877881 65.3905840468657 11.0258441922148
"kdpE" 205.185922366564 114.817877174728 42.9099392084236
"kdpD" 178.934492990447 111.006213832745 65.8041465619861
"kdpC" 320.210478873302 232.525842621391 46.8789015048177
"kdpB" 151.15164394941 87.9377137902806 26.8995417465838
"kdpA" 187.235586678707 112.819092129023 22.1292353088761
"rhsC" 187.009399223753 115.556363401697 22.4590083485345
"ybfB" 104.956069866683 61.7357678371197 18.3719761929033
"ybfO" 180.235310760136 110.829997537821 20.1141989432778
"ybfC" 102.952696116581 75.9234074021486 25.1538523571634
"ybfL" 85.7822235408385 43.3822101869891 8.5105580582095
"ybfD" 109.89144314586 62.3177779013398 12.2055371095279
"ybgA" 492.891538095907 355.68453807196 189.392929977471
"phr" 196.699568923522 131.728248947246 74.662724280371
"dtpD" 240.43084510139 148.623632389253 109.160693118562
"ybgI" 311.927256641961 243.687463454218 103.703770914072
"pxpB" 348.710436037653 276.417654596244 113.026090433574
"pxpC" 318.067033975682 284.524883038082 127.076581178011
"pxpA" 194.339628462664 151.694052323449 147.675241532106
"nei" 256.040790955251 153.936163613283 73.6628165775649
"abrB" 236.861531912014 147.035456876138 61.2102517627039
"ybgO" 149.097674249553 97.3334574167007 33.0409901083427
"ybgP" 150.474597292585 93.0268782507157 33.4830990092964
"ybgQ" 177.116248784255 117.191124468098 24.5905701986875
"ybgD" 232.13035182942 195.217073579515 50.3588082566717
"gltA" 648.948875021897 588.123056727534 239.979571594547
"sdhC" 4364.73657157367 2703.40470643153 157.223367957682
"sdhD" 1691.61843502368 1322.87969246967 98.5754387915497
"sdhA" 604.185593928278 466.650476788278 56.6032948302666
"sdhB" 884.265233784887 687.14356237804 95.4816505536026
"sucA" 614.853705948924 586.925331017736 75.6466785530167
"sucB" 944.888604041245 899.614709911735 130.788993575464
"sucC" 1039.58037145137 881.957354667757 111.654651026592
"sucD" 999.106759669114 877.947066665758 140.720530278576
"mngR" 251.999197515806 162.036126241151 70.4085603003562
"mngA" 210.391525732534 134.920357765932 27.1622759541417
"mngB" 177.031445711558 109.453935555462 56.842852060395
"cydA" 967.843589556098 1710.68893467119 871.626458612327
"cydB" 1103.3832415549 1767.85844427996 994.408839539811
"ybgE" 5943.0460393371 9254.27950302195 7070.59278674953
"ybgC" 455.283341589486 401.466311957361 400.894864765545
"tolQ" 356.526904362222 261.555796287094 216.43606229966
"tolR" 321.170983565411 278.631768781237 286.067843865108
"tolA" 338.53165784475 246.105343084168 203.471849772386
"tolB" 513.492405950416 435.264115243795 309.02559533239
"pal" 1394.97629965867 1092.29746252192 890.056582913517
"cpoB" 451.510584852121 338.474094691858 404.143275985076
"nadA" 296.409591322848 240.131741208142 232.116372749486
"pnuC" 456.227198637562 421.047153324608 221.550387173143
"zitB" 334.844748481675 317.19329661001 201.448294927524
"ybgS" 1901.22471939078 1598.32267206054 968.677526568059
"aroG" 380.075405915149 324.530386397985 769.341984459638
"gpmA" 1467.98717572001 1331.64466746612 1488.89753951017
"galM" 380.325562015746 474.034987362949 488.787506303117
"galK" 426.466888446022 390.843315787123 478.346258714546
"galT" 330.662583799841 300.834043795982 283.77752831098
"galE" 412.587154661357 383.230361395555 209.224606197404
"modF" 315.573105645746 291.498445921846 240.06739084751
"modE" 394.190969921259 384.791576220585 284.208222088447
"modA" 388.702867938592 367.45248505654 202.709762578617
"modB" 411.10356507695 374.299956196843 201.23179510037
"modC" 356.718602250028 313.823229428244 193.624502983655
"ybhA" 340.777828327329 330.723869172335 223.319809032801
"pgl" 659.400274354864 750.206535021852 281.647863988986
"ybhD" 415.13009433245 416.540953312013 253.852205935404
"ybhH" 222.812321293736 237.276333831387 161.158498609115
"ybhI" 268.12094990788 254.128737730551 131.428004458918
"ybhJ" 342.164769711817 307.854101157965 198.016379665109
"ybhC" 397.195951274495 397.630065999494 376.66188078424
"ybhB" 891.56732931644 688.381461747888 173.892581825482
"bioA" 396.789332222863 274.507542533001 43.9953754567644
"bioB" 460.72526722128 337.478582590131 40.6037991566208
"bioF" 271.220380737375 202.036419692837 41.1557934989927
"bioC" 223.104678619647 151.417835179146 36.7853789535437
"bioD" 363.584226766739 232.470763662412 38.4600195868094
"uvrB" 364.433248393795 367.091607871741 376.927055626655
"ybhK" 347.002269461972 231.561604209482 74.5096491157724
"moaA" 866.484413484331 664.961397370727 270.752975067817
"moaB" 1377.7042585421 1043.35823545537 510.647711266799
"moaC" 1007.93168141459 807.647650463146 410.352701884354
"moaE" 1064.47649524367 813.805774128914 339.580890518743
"ybhL" 904.943015048523 939.142463884766 324.83988008627
"ybhM" 269.75344218691 205.270595295517 41.0199040475676
"ybhN" 348.003386575091 227.03401755611 48.1374528370516
"clsB" 335.245110171628 235.07426579907 95.2664110465768
"ybhP" 409.318424866064 274.630712076251 126.300775307288
"ybhQ" 1463.65370923308 2404.22414443975 68.5539386136439
"ybhR" 309.805113302052 189.53987318513 26.3984759448672
"ybhS" 375.568071390353 240.500329223652 28.8066866222918
"ybhF" 323.974752104227 213.002809107799 41.4694341169631
"ybhG" 297.771018056424 232.643591564985 35.1095400025567
"cecR" 289.857083696308 221.727500726884 34.4977813451425
"rhlE" 243.468613733988 146.02024785533 55.228034759932
"ybiA" 407.03813579804 241.756709688814 34.6922021404692
"dinG" 243.273242196237 164.92267292868 59.7233084185937
"ybiB" 412.453037234621 357.482043444648 92.2279298588942
"hcxB" 290.980616689703 179.095839835644 126.408758462795
"ybiI" 20006.000071746 21648.4317141867 2531.33484194195
"ybiX" 256.67844046365 181.20434525312 42.5920878068798
"fiu" 220.111355175244 136.343291844296 22.933764897608
"rlmF" 267.38719497097 156.70249049622 35.6580680314046
"ybiO" 256.090341654816 185.664213840103 36.1129244381331
"glnQ" 852.73885751135 603.584570248287 388.540300106456
"glnP" 832.587963332526 649.170805099196 301.059077627425
"glnH" 3052.93339432425 2568.33576933866 555.830092729795
"dps" 7574.16740884276 7559.74871819136 1959.23727733364
"rhtA" 246.264603399685 164.732697777367 16.1606989872762
"ompX" 3391.44213287789 2513.04086817995 3921.78910057492
"opgE" 147.11003017948 88.2906761072099 23.3220179541319
"rybA" 358.078345548349 194.651815017939 31.2172779135068
"mntR" 456.963349694291 278.401635253265 123.310643958842
"ybiR" 262.126245567169 144.782825265707 23.0706621496555
"ldtB" 350.612038971966 240.325525959986 206.573894642805
"ybiT" 293.952891115309 247.419190699329 83.3951192228757
"ybiU" 183.864260464574 102.927463422786 84.7466250525459
"ybiV" 113.944073106541 63.5218385090358 99.5428026709339
"ybiW" 148.197294023681 81.4454028560205 13.7416976631546
"ybiY" 237.718900333761 122.189908907731 8.34773684755829
"fsaA" 254.042323471791 177.928831431768 27.6776888591225
"moeB" 289.154272002269 168.78741514064 67.6661640140377
"moeA" 274.320643072903 171.51117550043 69.7577390572961
"iaaA" 317.731202883226 277.61759031345 344.635063658696
"gsiA" 233.377718790359 178.04389089107 150.957556806974
"gsiB" 218.102654921644 166.40092725908 96.6588258843688
"gsiC" 290.304124634186 181.996984277583 48.7126307327948
"gsiD" 249.756625686802 153.359771663956 52.4518268518058
"pdeI" 78.5942876206713 41.7960562105906 9.78589989301337
"dgcI" 171.900405373897 91.0464398577409 10.5372538990189
"rimO" 232.816219903455 125.680342717946 21.1334613089668
"bssR" 38975.7054165979 40408.5326251215 1426.31877168133
"yliI" 257.687533795445 166.82013143788 57.7208609750429
"gstB" 567.810707349574 398.732920137046 105.488186984248
"dacC" 458.42535615378 501.225422593143 98.327147692718
"deoR" 233.364723827178 133.496047463169 71.5325997558641
"ybjG" 285.052715082855 171.298613533875 47.1382202123277
"mdfA" 390.754855737738 295.476957269658 47.2444738921888
"ybjH" 2107.07804146194 1362.29221803254 300.456611487706
"ybjI" 386.231116771483 245.570459487445 25.4253905617325
"ybjJ" 275.340440591423 181.279290228985 12.1431084875203
"rcdA" 432.141335426494 258.286035903948 14.7552304878596
"ybjL" 170.194233452942 119.740816832863 116.782723573862
"ybjM" 369.523132440725 218.155007140647 983.358748074971
"ybjC" 1437.94598079919 732.431468723143 188.075626920486
"nfsA" 244.684614067313 145.406102758506 60.0628126643855
"rimK" 277.54424719656 168.701330520068 43.2077101316453
"ybjN" 446.53965730603 339.394443316974 113.513213136078
"potF" 352.55875914336 642.597149616346 84.1365247355986
"potG" 219.768542107662 213.101557539944 38.6132182383911
"potH" 213.387569338439 141.356837839514 23.4977003976625
"potI" 251.440331804128 170.345376972144 35.5236684194969
"ybjO" 344.778899535607 196.002163504445 39.5382422256564
"rlmC" 201.788912066622 113.873649930048 73.5908163676943
"artJ" 222.887217941289 179.429723599416 1050.3598102068
"artM" 346.482343784159 275.276811604935 591.346854257315
"artQ" 407.589138578868 338.711444768553 588.318340758631
"artI" 652.460090733638 657.699860979209 737.648661342547
"artP" 458.877641898443 439.457289111979 567.51015269994
"ybjP" 881.06600177901 595.193889832094 169.126833672716
"ybjQ" 1531.87857381863 1515.10553562975 597.621573269207
"amiD" 396.736338518101 324.789510416214 167.279964437721
"ybjS" 272.0011964943 171.396012839905 148.134942046947
"ybjT" 179.671605366528 104.974034134145 82.2658631532708
"ltaE" 267.572035250621 198.885419851724 197.916239100725
"poxB" 405.345504103694 382.943854105837 261.262835867313
"hcr" 213.491189456124 107.349983939114 13.199611994474
"hcp" 156.357933212813 78.9635816941833 9.15804444248451
"lysO" 243.862389502473 162.868516665161 24.417130279108
"aqpZ" 694.109881813031 644.503969016506 100.013698376693
"ybjD" 222.176075390552 154.503863520871 20.6376176328127
"ybjX" 139.899314956732 77.4668076511386 37.9486686410847
"macA" 198.113237616003 128.367457938741 41.296225738242
"macB" 176.406488787374 133.411896730974 66.6789172180235
"clpS" 884.996847489792 882.083101018583 1110.37363010297
"clpA" 1462.06913355881 1991.59952047313 643.11614121481
"aat" 315.723471880737 217.646765195123 59.4693064739351
"cydC" 149.200285515432 86.4803997102873 40.7905954615727
"cydD" 199.80142302808 105.326318759829 35.2099235558351
"trxB" 173.406367298976 101.523132876196 110.586196250922
"lrp" 403.430253031575 371.806467289572 932.040725055428
"ftsK" 218.776696587524 190.759388715234 144.169307664919
"lolA" 316.043370936263 289.183003504485 253.303321961309
"rarA" 184.629525276362 135.585676433567 123.965328906537
"serS" 236.874533086637 174.716007696458 773.926763950878
"dmsA" 126.200012284364 74.2854885485679 13.6664498297229
"dmsB" 181.315826026812 104.064266413061 19.6196802515491
"dmsC" 184.99048863361 116.919334364623 22.5421096547575
"ycaC" 889.977034225419 921.581894415333 54.1891371494423
"ycaD" 183.631335894817 115.169088231089 159.549193064159
"ycaM" 112.259788718889 68.8892099005327 18.1030729501626
"ycaN" 87.6761311298193 52.8762718273621 15.2312542391358
"ycaK" 110.609773096429 67.199317765827 6.39685419397887
"pflA" 586.868212860013 334.679384809659 314.133195540931
"pflB" 1919.26956840351 1963.49911224163 549.08086392534
"focA" 1172.41166512392 1332.37068191023 174.761596950472
"ycaO" 99.8637634523125 60.1555498740375 13.9610399275812
"ycaP" 265.439705158569 218.913308139155 49.1202410892843
"serC" 283.999409954965 228.497000352783 456.182554140861
"aroA" 143.63032117228 91.3981521169898 138.646135471154
"ycaL" 125.461514719395 70.3491533087669 14.2441911466617
"cmk" 863.230033639628 810.472189767487 190.559784445819
"rpsA" 1485.14495248039 1533.99144588024 1404.20920189585
"ihfB" 49227.3886733113 43365.5993368748 4099.08662815372
"ycaI" 107.91324744294 64.6109727388113 20.5903528465052
"msbA" 128.823825781477 93.3089483772028 68.9219560094835
"lpxK" 159.080779994329 82.8537525112816 53.5259758461551
"ycaQ" 114.690253464666 61.667397867451 23.0024114868675
"kdsB" 166.666385891471 103.762953831089 228.292241726208
"ycbJ" 197.419846189355 145.126034794073 61.2987448903259
"elyC" 159.441443987679 86.7199065341157 34.5957997487798
"cmoM" 236.535589466499 137.68930448212 100.337414587239
"mukF" 119.356034534765 79.5136354569199 56.6401354990389
"mukE" 173.328748948523 106.493830064892 79.4916357892799
"mukB" 113.907577071338 78.0651300520181 68.3277163041508
"ldtD" 229.343546199416 189.913964736589 179.966785754675
"mepK" 885.453616924953 1552.77165424296 752.545466735458
"gloC" 503.249145001343 751.570387207144 752.459158947023
"aspC" 208.652575630142 141.609205637551 181.038978052345
"ompF" 239.739761650296 159.781461224839 29.0664990249045
"asnS" 247.745289256291 186.9878588673 393.983956697599
"pncB" 141.151934617696 87.6648175016984 194.949200338742
"pepN" 146.461604469957 119.341298385959 103.776704242428
"ssuB" 171.382408858681 89.1637172694022 32.5181351304419
"ssuC" 144.549091285081 79.3791301523919 4.76052215977461
"ssuD" 150.360656157122 70.0699412608034 8.61650187525397
"ssuA" 141.350272566547 80.8459058896378 4.39226943479251
"ssuE" 161.868895031271 73.2224538663417 12.9704905556908
"elfA" 48.4113925078117 26.5043551443693 6.12286907151189
"elfD" 112.21798512159 50.0357182642357 7.22015956901054
"elfC" 95.2194965216342 46.1650628123725 7.93079597784192
"elfG" 171.544578816916 92.6051924833035 24.7554583424141
"ycbU" 112.018074931801 57.6877677433285 16.7798889457021
"ycbV" 253.258429013549 161.270859038326 28.787546157058
"ycbF" 172.231723723702 104.415065663399 40.699086260774
"pyrD" 67.3269061425598 30.8461643214858 18.5234174783003
"zapC" 152.962612665494 128.311580374555 221.401312478014
"ycbX" 160.07242576467 112.695663566092 68.6791491891165
"rlmL" 144.651470135972 78.958653124464 63.1837700572043
"uup" 130.965220705505 88.3597799421885 116.034419145184
"pqiA" 142.474723168383 103.775683188899 91.0222082001381
"pqiB" 125.145889075268 93.769459537512 92.5669998663973
"pqiC" 276.491464938095 188.044824002058 149.059814987309
"fabA" 704.9479763496 889.835642035008 1015.48983530307
"ycbZ" 212.455974540571 182.828263357625 194.828102066309
"matP" 331.019314814859 229.798598253711 301.022900957851
"ompA" 1708.3888664369 1028.59029473057 3404.72278750854
"sulA" 467.962684793809 400.838254486439 278.828480244611
"sxy" 141.760148102109 82.2481050123281 37.2717079559793
"yccS" 87.725500667307 47.0386353405499 28.536749977059
"yccF" 162.057220093263 90.7557239587189 39.0565788857746
"helD" 143.104839060451 79.5263263780699 77.9585353422446
"mgsA" 742.075377787796 632.544022667203 353.303902813782
"yccT" 221.507554190452 159.79283483955 42.8345184724515
"yccU" 1383.17109344631 1541.97550999699 306.928494488031
"hspQ" 16796.3518362659 13228.7530551617 3419.2221646035
"rlmI" 115.409856335053 63.8193953658019 32.2358752652825
"yccX" 3353.30849812824 2947.23130366534 583.544387418769
"tusE" 1062.35026743885 1032.21589261012 259.467468960032
"yccA" 691.911191312756 575.339663705258 100.242383068889
"hyaA" 141.741398548688 79.3896316036998 17.6147623169667
"hyaB" 86.8971631253219 41.7219489762093 9.72100881025316
"hyaC" 167.045791552143 86.1650103542097 13.062187019204
"hyaD" 182.261757975255 88.0115376874049 29.0440667873269
"hyaE" 207.959941162546 114.60041700793 31.5394993605766
"hyaF" 136.802669758189 72.9026790547563 17.4092012287826
"appC" 109.264157781618 57.0215030423544 14.2068682994973
"appB" 141.445487362824 78.8807280612779 18.0193929321368
"appA" 97.4181627087275 53.7614503167175 23.614917633787
"etk" 79.5023714092982 41.7648508386023 39.1958193882157
"etp" 117.008823172031 59.9730807446505 22.3180450775855
"gfcE" 83.8829364924774 45.8006019959779 11.4142428780971
"gfcD" 73.0360189878518 35.0482762548752 10.6845574448326
"gfcC" 85.9128207219828 41.3430519170745 10.1159436453529
"gfcB" 95.0775995957678 37.9752579985259 13.0966336422303
"gfcA" 414.502805100398 250.770882945084 553.206935119508
"insA4" 975.479455816703 673.095284727964 1082.60599642882
"insB4" 406.895279092962 315.37851028374 958.340147477739
"yccM" 103.432616871824 58.9661069647494 18.0876205245653
"torS" 79.377697783397 39.883890148725 21.5508659744194
"torT" 114.601085303477 61.7833074004179 22.4428182040026
"torR" 168.296847282097 84.6008722079443 34.6911702693071
"torC" 72.9559409210936 34.4286850860027 5.28219129588655
"torA" 88.9719815484897 39.3368789028362 9.4704524519669
"torD" 143.356387344978 85.1805439743148 125.392206436554
"cbpM" 2257.00371332124 2017.26312032816 1541.26025179807
"cbpA" 435.704027695133 390.249271205044 296.722580563248
"yccE" 18.5086689289803 12.5499401421853 2.68889111220496
"agp" 1707.91538714301 2067.81076317491 33.5752680765872
"wrbA" 3087.26034993035 2603.79758962364 874.02116643691
"rutG" 160.46080620463 89.0190899823661 38.0093801357466
"rutF" 111.676194610817 52.6936603301548 31.8503125468582
"rutE" 163.438321440992 97.3643448518203 22.388989678926
"rutD" 100.953408916546 50.881306371059 16.5111168526844
"rutC" 337.206792925408 155.397755382059 11.1216452325869
"rutB" 181.165121961837 89.6176355194664 12.8940632859372
"rutA" 118.531263637792 53.8712000772949 9.34093481584312
"rutR" 208.449678202939 116.780056509455 28.0010720665648
"putA" 272.045730140902 172.061569357746 23.27572122216
"putP" 476.407194710498 549.216935091866 22.9959622124933
"efeU" 146.977360456955 86.5321810443363 204.313901465636
"efeO" 99.8880275442005 46.2079516665296 136.844977186886
"efeB" 102.607888622845 55.976992387747 83.3200964018198
"phoH" 531.765796853063 336.456395626268 53.2021523360173
"pgaD" 127.939772261221 57.4689365116131 24.3860995620628
"pgaC" 87.1652455511838 39.8295791995844 5.66074856490182
"pgaB" 58.0910295733641 25.0742454029673 4.66132800910883
"pgaA" 57.4572484382558 26.1091448710989 7.83168300691622
"dgcT" 35.0705463973804 21.7807912581988 9.51905122232766
"insF4" 132.793489049418 66.7816884775688 48.8222981999423
"insE4" 419.434373379596 305.435498209931 284.745080881473
"ymdE" 169.282789316443 80.9313622844681 19.1045301284917
"ycdU" 72.2548207528539 41.9014885859019 5.88601796246377
"ghrA" 190.600340171495 120.817554767994 64.9502907199406
"ycdX" 223.743532525048 156.313904920027 101.36793006247
"ycdY" 198.234982251797 135.469055385551 106.069863097447
"ycdZ" 534.977887678671 450.954352367608 63.9363173897475
"csgG" 148.806675884156 64.7892592156552 27.890843209499
"csgF" 230.758611445479 110.184870206205 5.77824823937818
"csgE" 159.223163873273 80.4812855614715 17.7988718442659
"csgD" 93.3374810076296 64.9272352447028 33.2656199782562
"csgB" 122.786024870913 52.6400229793812 9.33003302209733
"csgA" 173.016671409013 99.2061971534494 17.3272041838951
"csgC" 174.500740995231 121.358624454937 18.6826121539153
"ymdA" 357.791452302671 283.417111497557 57.7209241124578
"ymdB" 286.465974118894 257.519652581633 191.945768257207
"clsC" 123.841213336672 116.214510144735 73.0855167591692
"opgC" 90.2262143344395 48.1728217262863 24.1640846496065
"opgG" 183.962259680509 164.322808675835 122.131830801952
"opgH" 124.55235494593 109.977756865392 86.7593050177169
"msyB" 1786.43484474044 1206.44654404877 287.742196606015
"mdtG" 107.610865643203 64.0884845559043 43.2394505244531
"lpxL" 163.079209455857 90.4017807149301 47.2977410434604
"trhO" 72.2969522121207 33.0620768984542 24.3003390572906
"yceI" 123.822787224776 94.8136902628271 23.0121606633225
"yceJ" 112.860922591911 55.4081462964957 12.0516806084342
"solA" 148.987371389292 103.826035551082 45.5177928898608
"pyrC" 68.1306456759219 43.5846158372199 46.9278596847397
"yceB" 213.160616637951 119.281010420673 145.248577958347
"grxB" 1021.42397813087 697.850417118828 276.699754358246
"mdtH" 124.380700492824 72.2625349366402 164.637959261031
"rimJ" 306.017023865115 330.063586741382 209.21916255407
"yceH" 295.134361478124 288.713014597866 137.152783062617
"yceM" 246.22678492455 216.219130771882 107.654108369475
"murJ" 89.0719592220512 51.9442227519197 31.9793941117946
"flgN" 189.626411822267 111.451362967196 52.8296981886006
"flgM" 549.739890885589 349.96453234052 130.133609572077
"flgA" 149.144694219015 76.0534834425836 16.9283494586535
"flgB" 166.620266270301 84.8550149863878 9.90556841036263
"flgC" 207.633364738157 81.6657967913264 10.6905297270812
"flgD" 121.782455798243 63.4086828266416 12.5017122970866
"flgE" 78.2413287096398 41.1148905673988 11.2959148721118
"flgF" 88.7573400628998 38.4016323121879 15.0363592802806
"flgG" 121.975272385188 55.0907942897498 14.524344671905
"flgH" 99.2979471336459 43.8566851160328 12.1146463251104
"flgI" 93.0411099467159 47.1598629477989 10.2246066129792
"flgJ" 103.287834897503 46.8416718785978 17.2446011222005
"flgK" 62.0033995913672 32.8014488789741 8.24707828419664
"flgL" 121.171407367698 63.7881609949162 25.4237414138643
"rne" 221.113643635342 253.363357980223 132.309666784128
"yceQ" 1596.9596881384 1745.92764167776 850.286113141917
"rluC" 113.2674369573 69.1556442366065 39.148488440542
"yceF" 417.326512765502 371.435612360579 77.7448639062786
"yceD" 940.138080505825 1248.33995716791 666.411648189343
"plsX" 156.463736723121 134.532740261177 126.417873935262
"fabH" 233.372983280903 229.864687059631 87.0570539323234
"fabD" 345.247148605915 328.628237995938 101.912699726654
"fabG" 2673.37732692307 3398.57017226028 416.685169180726
"fabF" 404.29559555026 466.135313231959 381.338613845467
"pabC" 117.372714917107 100.809812612967 32.2456657660484
"mltG" 127.954777922392 90.0463619868873 50.8462773505465
"tmk" 157.038842847113 126.979269051423 134.756322179296
"holB" 131.04816311165 77.4070785179263 115.259511774543
"ycfH" 887.663033334733 839.74461134188 223.261060823392
"ptsG" 5598.45471472583 4639.08696734009 129.59944091862
"fhuE" 94.0641642482297 48.96579865063 23.4778559653809
"hinT" 1386.84889448178 1411.51290410326 542.512076027024
"ycfL" 986.013986562938 938.573867930693 359.95050094916
"lpoB" 601.267117786214 528.606162812847 252.494449031824
"thiK" 120.440502173741 78.2210114611918 57.8406673134605
"nagZ" 193.88877462801 114.657670192973 119.286652375199
"ycfP" 884.942791961225 502.757636453979 303.436325101445
"ndh" 105.63541368094 49.5871194577617 34.7711641202331
"ycfJ" 169.439873777341 114.145422821751 101.262834644235
"comR" 150.579100083002 90.8544631733642 157.507865033129
"ldtC" 91.034832323724 140.945254476999 14.8325330494716
"mfd" 108.950968320314 83.6173361621316 87.1509603133897
"ycfT" 101.2861553025 48.0688798049394 12.496901453336
"lolC" 77.4806867125004 50.4190619214234 47.181288003096
"lolD" 128.778789093279 76.1704461076089 109.505753463326
"lolE" 119.721884569777 95.223192769217 90.623842644092
"nagK" 154.946263420719 146.100137502349 158.994600144536
"cobB" 129.752362299457 97.7913005148615 109.271695274404
"ycfZ" 70.2068778277782 36.3714771512428 6.80285637977666
"ymfA" 129.960881301245 68.7391207781871 12.2976860835415
"potD" 191.209836540571 242.846465828647 79.4032988143963
"potC" 93.3071027118182 78.1949236245319 42.6073020654935
"potB" 71.3438779875924 39.0769990040942 32.6443432127998
"potA" 91.889762036764 58.4301689342799 61.693514784604
"pepT" 272.471163480638 287.430230416862 101.169227188624
"roxA" 170.384168734571 168.857798999562 289.406530781634
"phoQ" 105.363673756365 78.8934009530012 125.472371709393
"phoP" 173.702094987266 186.011395204391 216.658963214353
"purB" 95.7212814581524 61.3549952176078 78.3528284034216
"hflD" 120.425050707895 82.4977328460361 257.704100662467
"mnmA" 124.025184767613 86.4506603907621 218.143094634232
"nudJ" 205.229891721549 136.496254116686 95.1452554884527
"rluE" 122.02224967875 91.50670540514 54.2412217478918
"icd" 867.023190477781 588.453587508204 412.387315626095
"ymfD" 45.2117385869726 30.6510835433513 9.48588705083669
"ymfE" 34.3711400181208 28.1764925380027 6.57449619309837
"lit" 27.3907116440727 21.9322303386542 10.5324303935268
"intE" 58.8760666129543 45.0726211587525 29.7757391173269
"ymfH" 247.701774671081 146.59505767115 80.8092937574411
"ymfI" 317.177504489954 336.750667631999 286.805708368481
"ymfJ" 438.345228324387 367.897720387505 211.740269362836
"ymfK" 126.635227323048 78.528632745483 68.8245237572818
"ymfL" 72.625779389329 36.843631597837 34.5650582569147
"ymfM" 169.508406043017 89.0441957479401 17.3704799084067
"ymfN" 0.197085337673326 0.266711146307009 0.12105354542871
"aaaE" 0 0 0
"beeE" 123.169140984314 58.8319297034779 18.9723462576195
"jayE" 60.5709970583794 28.9325801490027 7.01550634072045
"ymfQ" 107.94666446231 50.1940016703484 6.91969992883109
"ycfK" 58.7713947339997 26.9709695007959 8.95954518172581
"tfaP" 55.4405679798621 23.8915803475245 8.40899984898716
"tfaE" 47.7917829898331 29.6808238478949 12.354351639536
"stfE" 44.5954072175285 23.2207362845873 6.18767730136048
"pinE" 68.5485452646401 26.8255555218914 6.26573030955382
"mcrA" 42.6249301765356 23.3722526613504 13.9454216047495
"iraM" 41.2164638695595 44.1905781225341 9.57726880239114
"ycgX" 43.0367337820906 24.705619197376 17.8175495451353
"bluR" 253.670187812724 157.471540641445 358.673202304173
"bluF" 65.6072676147547 55.6817743155219 16.6093220467736
"ymgA" 4443.22000594758 1659.50475796954 277.724310479106
"ariR" 32466.0234303355 18320.7479323306 261.169467819408
"pdeG" 55.1081717201121 31.2446450980381 8.60130987985326
"ycgH" 58.6035092956914 40.6395564413073 15.3248806616238
"ymgD" 668.480375079692 404.536493477605 128.851192068587
"ymgG" 157.479702648243 68.466519398714 28.0346071260801
"ycgI" 470.255943722977 327.374391335166 82.0502187375156
"minE" 13176.308123856 12682.1726352964 1506.74692972735
"minD" 428.425052620124 331.825514738381 157.711092791779
"minC" 370.358991090129 279.904042763317 183.86664671081
"ycgJ" 168.911821791651 156.71668778791 141.415309958953
"pliG" 273.716449942406 249.534413623969 149.96577252322
"ycgL" 821.609234425126 817.622486233072 152.487402401097
"ycgM" 250.759760609993 234.580549579398 45.1422652230759
"ycgN" 257.755747914135 216.528230451289 185.759784525074
"hlyE" 45.2275579714532 31.0046875651982 10.0396074833534
"umuD" 127.91689098678 90.7020672180735 44.5821512058921
"umuC" 89.2779277026677 37.0060233708014 14.3484195613959
"dsbB" 194.439629583665 162.149176126423 127.402510172049
"nhaB" 90.954347702233 54.6200079100144 51.5151052164981
"fadR" 316.342857150043 291.857353986477 89.9506141133776
"ycgB" 1590.60799593024 2259.91566520649 160.588222105181
"dadA" 562.860495650426 617.735183092443 407.131503467749
"dadX" 438.825574854264 409.188560487247 345.586198460102
"cvrA" 80.7904184462515 47.4006251253976 48.2900647283058
"ldcA" 109.382574776357 63.2301113387001 73.221871344952
"emtA" 189.998568775043 117.638522784834 35.3796616112377
"ycgR" 92.225078122518 49.6642171305538 9.24721626292128
"ycgY" 233.331584085676 207.330529802568 35.988263469934
"treA" 394.412282338329 640.609360909174 24.5634617012389
"dhaM" 89.4945356692268 68.9236192878815 86.2383404478702
"dhaL" 150.28614463537 128.732562980336 82.4871889112551
"dhaK" 103.14218789149 106.094925246619 72.1209019709001
"dhaR" 79.9707465578687 39.6787959873474 21.2101893344289
"ycgV" 66.508837333258 36.1525138776419 21.0529757236379
"ychF" 150.806155068525 79.2467138759002 27.3534681922927
"pth" 121.061679770814 77.572548035993 32.5632937827345
"ychH" 540723.93682186 432680.813008627 6365.93877184112
"dauA" 144.157887137175 100.344829576179 48.7065184354324
"prs" 107.624860058702 74.8073835829027 139.290324695158
"ispE" 132.655244123673 110.298875447783 229.715912535638
"lolB" 166.615316967388 144.417494458401 113.626236483507
"hemA" 161.10208280787 140.322165369316 91.2878532593587
"prfA" 108.935202689519 87.4200607211476 51.5596320026201
"prmC" 80.8731934153018 46.7445053227008 31.8420459975114
"ychQ" 107.863268130821 56.1733551874876 54.1828270327096
"ychA" 190.854786861827 125.563823539282 323.426452119613
"kdsA" 321.612349785087 211.027964059424 406.446473380799
"chaA" 76.2187753252077 51.4443392085745 23.2423110711872
"chaC" 223.518416814881 209.475112909441 212.224189238348
"ychN" 1436.12947754018 2235.16366092133 268.655784500956
"ychO" 75.8998718956346 43.3060596526919 40.5391974662413
"narL" 211.266873178946 121.264875165204 75.696257705624
"narX" 96.3875689327325 57.1434751485669 31.6411281045387
"narK" 81.695350279641 40.4624539023754 10.3096335878414
"narG" 64.3213404424411 32.3115719215266 11.4018004266379
"narH" 64.7905734189932 31.0317323856589 19.2058253385879
"narJ" 75.0940004983794 30.8648307306902 29.1971705783814
"narI" 90.700019186239 50.0851645288936 13.6676102663868
"ychS" 2084.2978300544 1497.29359255813 1166.80868503995
"purU" 106.040115930614 69.0312103315963 97.2717983535059
"ychJ" 150.064131952643 66.2950000116139 117.549068036556
"rssA" 684.211596635477 766.612159419293 155.287421055166
"rssB" 685.217071679727 654.991628015198 183.971179524172
"galU" 635.441595290207 489.561344332644 241.024306946325
"hns" 5055.75333385589 4506.46862825334 2233.43035989099
"tdk" 77.8376020822173 44.1652059047473 17.0284017277597
"insZ" 85.0425447420651 42.2640123739283 31.0306355605749
"adhE" 652.437987244533 837.585218040643 280.233298624005
"ychE" 65.6167044125983 37.1711641369386 35.228769714338
"insH21" 308.390435398448 219.732534614727 104.967655598143
"oppA" 234.74598926926 267.652361805263 490.715678026385
"oppB" 80.3004010086592 48.7811589006306 100.255040844258
"oppC" 124.866966023658 83.7207637266567 188.126572629326
"oppD" 113.261414088681 70.5979000255902 284.383607306893
"oppF" 154.208800440107 99.107524461413 250.985665826809
"yciU" 466.053219245702 443.406548011042 670.732232685796
"clsA" 144.181869350816 122.850638906025 103.349905459651
"kch" 82.7166280229702 49.7568223121561 42.2073350616937
"yciI" 782.310326780714 409.349682512328 319.945589336125
"tonB" 80.7481767500112 45.2808100670196 343.894791578155
"yciA" 156.757682921768 70.9090080236569 144.710644124999
"yciB" 370.893732922752 304.26999705736 329.221960075908
"yciC" 161.832013757081 121.945693008889 174.398383977511
"ompW" 95.4313187900042 69.8594980904778 12.6004824299542
"yciE" 195.660086620888 214.4969742071 155.969502857107
"yciF" 188.290161689271 150.418905671962 158.661193964635
"trpA" 158.354409723563 108.037860283365 123.100246944389
"trpB" 103.698758010666 70.3657774554521 93.6735550973233
"trpC" 91.4503019096074 54.2588217201137 64.1405458445657
"trpD" 65.7844914004454 33.5391530956206 43.1117807823793
"trpE" 83.0361161676305 41.0408563461221 34.2047259154069
"rnm" 131.344710610945 88.6332399969796 66.9773474070354
"yciO" 275.764874456521 219.803515041453 168.526519288624
"yciQ" 71.334856077953 41.4049293673344 18.6452974837547
"rluB" 115.426280319502 78.6117450414164 50.7172384747509
"btuR" 168.060819421141 105.129599349205 57.9714911329335
"yciK" 186.954478563236 107.983469503542 46.7097199898367
"sohB" 128.831963740217 80.7239440269859 88.4205424659396
"topA" 151.603575904275 209.609288584795 75.1512569112626
"cysB" 200.090242771032 139.40147776468 108.084623415152
"acnA" 386.492696876019 504.01771972757 139.225605437204
"ribA" 363.196269868872 292.989025459005 235.883998402971
"pgpB" 167.858854176294 142.847864079746 94.6974929935467
"lapA" 1445.41529134657 1484.0619907157 1336.15411356548
"lapB" 165.832236984623 125.608713249977 176.060599519876
"pyrF" 106.729550244328 62.566860225586 71.5702143572935
"yciH" 262.390174666707 159.60954611548 49.6043357208389
"yciT" 104.559254872062 71.3016049639459 54.3503325413958
"pdeR" 185.259189755543 166.957358725786 45.7101594882157
"rnb" 86.2282647066693 70.240826022776 136.957260082627
"yciW" 112.468383658079 152.588420245248 168.626336037505
"fabI" 1400.00774021275 929.431131510991 320.238165136894
"ycjD" 344.157754568932 235.448602985517 197.462001608203
"sapF" 136.388476470609 100.101857190764 80.4417455280167
"sapD" 193.236859956209 159.909781765979 109.284867865432
"sapC" 142.451617739175 119.873844363915 72.8041613901489
"sapB" 140.612299620669 110.041580063882 79.341808611535
"sapA" 148.461066197141 114.769494667647 96.5393281503018
"puuP" 107.536136090439 50.6511492694089 9.17296356240225
"puuA" 81.8639489437451 56.4306821296588 11.5756161674994
"puuD" 153.36588609664 109.627430572828 27.6970383407309
"puuR" 195.869526231827 147.706451000338 24.3727974888501
"puuC" 96.0223435954337 53.977396967565 15.3000159091104
"puuB" 60.8506995631682 33.0966655489984 11.8173628233489
"puuE" 90.8467449875134 50.043704861126 17.855421001637
"pspF" 71.7921688956652 37.4848859286275 42.8313420857594
"pspA" 3680.67365663697 2781.98609342145 270.506276549337
"pspC" 3786.70045971547 2652.96401253141 286.46665696754
"pspE" 8600.93219217232 5954.4574965701 406.275305722873
"ycjM" 49.2058921428226 25.0341972888739 3.12100021042577
"ycjN" 62.3632193311539 30.2319729474766 4.02343278257206
"ycjO" 82.7050249969985 32.9798102314343 7.72815547004257
"ycjP" 88.2418632567478 46.8667776025789 8.01061868793578
"ycjQ" 79.8709186343431 37.5366436967412 11.3064077558227
"ycjR" 67.1095155706701 28.1645797427573 8.31460224194924
"ycjS" 84.3713495749282 36.2804579683386 8.57419393662004
"ycjT" 70.2943080380163 30.8845348001571 7.56757266309162
"ycjU" 96.698208339801 45.1876216558208 15.6006357756218
"ycjV" 57.7627677099902 27.1156047514601 10.3711237099439
"ompG" 67.7956140970661 45.0319767082221 4.75580650368683
"ycjW" 62.0664156742919 27.3462937332695 9.04885051612284
"ycjX" 145.354947924123 232.144714607374 205.111648143978
"ycjF" 143.787346125596 174.757798543622 145.847602801473
"tyrR" 138.816092466891 126.063900112987 121.45837815272
"tpx" 574.585503244145 463.072906933085 474.828657162252
"ycjG" 176.964214264076 154.588869455226 145.807142317141
"mpaA" 301.647993024609 298.654163433858 154.646516610734
"ycjY" 63.2820032640256 32.3715947444551 16.5744220750588
"pgrR" 67.0664234251028 36.6723812358641 26.2953710698086
"mppA" 123.126783692543 119.861146725556 25.0884967798166
"ynaI" 68.8893699259865 35.2402144128528 48.1787481847912
"insH4" 320.810875330998 223.561103979515 113.313140583861
"uspE" 1929.77969297716 1692.53499992993 298.8533504828
"fnr" 1099.05153080321 1112.23959297081 535.376437465377
"ogt" 125.134434571619 69.2265797790415 50.8922690990849
"abgT" 59.2862330645314 30.5487092030463 6.67414732022054
"abgB" 72.0824599401219 31.8075626762167 12.3317274208555
"abgA" 61.6063652189857 27.8387139467656 5.99620587028217
"abgR" 80.7764739775686 45.1271630250763 7.61562711956791
"smrA" 296.626083971298 199.106284237473 64.7519312918633
"dgcM" 889.466681957872 717.731553504914 48.3463858197034
"zntB" 199.411482016053 149.374894766976 82.558006121376
"dbpA" 77.7232819278815 47.3069241208447 23.3586268943669
"ttcA" 117.937666905719 83.7233246978753 84.6088761450713
"intR" 73.2789646055269 37.4518223135135 16.4782060765266
"recT" 57.5940563891048 24.2158802540044 12.3648793538983
"recE" 59.9668327751329 26.2358826911844 6.49405757605897
"racC" 638.62324085842 315.942684668229 18.0434332738136
"sieB" 34.8599164350407 13.4129515863969 4.58414402616305
"racR" 230.829755131108 122.876319316644 152.156009097297
"ydaS" 152.281781167238 80.7560598153571 40.3814821492196
"ydaT" 77.8850693897552 28.0459232560859 15.9246404890334
"ydaU" 59.9082452345609 30.183688386924 7.58862617664884
"ydaV" 90.3991298980654 38.7084456674569 7.10850093997773
"ydaW" 111.845774999129 55.2044345748568 43.4429281506839
"rzpR" 460.825923384162 377.302674259327 133.655854291304
"trkG" 30.8042588733434 19.1561945761779 31.0261949968208
"ynaK" 1136.89985128206 847.808673220708 77.6051397570923
"ydaY" 244.480081794022 111.040348940794 35.4914442260669
"ynaA" 63.0518982338835 34.0961820923468 14.2659774630094
"lomR" 35.6298611808622 16.7327203356173 5.92912602834587
"insH5" 0 0 0
"stfR" 118.303129585911 71.9595852381048 24.2961573687053
"tfaR" 329.617643087183 172.416974702369 41.0034862728291
"pinR" 128.109229735566 93.4817176031279 40.7799454866152
"uspF" 666.531850413282 671.330273375212 134.58586616152
"ompN" 50.1007307476819 28.3007888584793 5.36294697755432
"ydbK" 248.60177521988 272.946474002137 90.887531584402
"ydbJ" 5780.25147784833 7117.54586674799 2019.04088583465
"hslJ" 389.425346948776 348.744958749589 197.465542064014
"ldhA" 76.4457070598229 59.0146487918376 36.6377503474719
"ydbH" 65.0383430218096 35.7309184507452 14.4717685340714
"ydbL" 431.3038496084 222.851064387651 58.7903238172905
"feaR" 422.665923298418 221.190963560047 12.4064517487483
"feaB" 103.633497788787 63.7798278880899 31.9289353567387
"tynA" 65.802785107555 33.8716933045375 7.74541188657894
"paaZ" 71.6380158683122 32.1914704065937 6.77377298569098
"paaA" 45.9677506642437 24.1357057910138 4.78650644508745
"paaB" 538.734582337987 220.47681966666 50.9371489576314
"paaC" 90.6234453568696 36.0738394178395 5.4680776461367
"paaD" 145.183377709727 67.0078565738879 13.2460629516968
"paaE" 49.6859886840206 25.6426451626995 7.0965647248254
"paaF" 91.6046501553299 37.102984746091 7.34280470687398
"paaG" 68.554951290654 32.8275896339422 4.28327994282234
"paaH" 70.5763451731116 30.3588598678227 7.46649075467581
"paaI" 54.3852639704326 27.4362292722579 19.1095685868401
"paaJ" 125.814161892606 102.384682701624 20.2550476082365
"paaK" 151.039310614833 140.198738072853 18.1921629261958
"paaX" 221.900957325138 190.0570409633 40.0405459870158
"paaY" 272.397202401653 239.826898515373 37.9813217767496
"ydbA" 38.0226184504641 22.0116015796857 17.0880395763069
"insD2" 0 0 0
"insC2" 0 0 0
"pdxI" 307.858569986346 427.184997812464 29.982496120264
"ydbD" 43.5700151567298 21.735913036558 4.27035314628717
"ynbA" 40.744104833891 12.854368046722 1.14836131749125
"ynbB" 45.4360370093696 20.8997863387557 2.9353303908652
"ynbC" 52.7648971961697 23.9921453085162 9.68460908124218
"ynbD" 72.5104550189348 37.7661239343872 16.7426719016709
"azoR" 84.3308216329368 41.9909356192921 34.0680524189071
"hrpA" 73.0193904847423 50.1055470267289 35.8942220144473
"ydcF" 151.43011337482 166.686430190495 69.7409861091001
"aldA" 1036.40178124228 1081.45479556454 80.9595687329877
"gapC" 1028.55162086166 908.101634142971 4137.97668686112
"cybB" 121.423918059509 66.1013533308167 26.2585326308805
"trg" 62.0590795477483 37.8643216839687 30.5315524769418
"ydcI" 326.657578396898 238.048946859427 59.5618992100271
"ydcJ" 1823.22915277001 1534.06287122992 24.7435786240592
"opgD" 133.57656937161 89.9390761494245 32.8022403883138
"rimL" 127.27511256086 129.694644506448 94.6689756441454
"ydcK" 141.774777766673 134.546866248222 42.8401562600195
"tehA" 74.3447903763673 42.9026243762382 62.943705197953
"tehB" 155.424165293807 93.2297522301672 101.44772293484
"ydcL" 479.518741012001 283.486821775609 102.29228945143
"yncK" 110.062367654562 98.7485253978243 68.8023844787016
"insQ" 70.647317393704 42.1531453797068 109.993971067189
"ydcO" 70.8095571816585 34.7460113916446 21.3525492243066
"sutR" 91.5587121634212 46.0842304724887 61.4007978365773
"rlhA" 51.7626794454613 24.7000549576532 21.6363353561476
"hicB" 302.565671804647 153.245624079894 226.177145369947
"ydcR" 91.383107460662 48.6060427653735 69.4745132016765
"ydcS" 1765.62849189092 2635.07467992214 17.6865038492056
"ydcT" 475.205498241639 755.659003977612 8.69294869497054
"ydcU" 272.231502830629 424.611081195808 11.5617212069299
"ydcV" 230.103073864812 363.311319670584 4.23581365563385
"patD" 219.772023303076 329.143958977603 12.3224693622318
"ydcZ" 103.065468918784 58.4954104632636 234.194435470463
"mnaT" 105.109009647336 69.5661885096097 161.62450832151
"curA" 152.015357942261 197.390984582326 24.2490762636847
"mcbR" 323.210107398536 230.856176846353 37.9435482033469
"yncD" 56.0942912555514 30.2334614892887 9.62867142249477
"yncE" 63.8600997470686 38.8350663430271 266.163531428316
"ansP" 52.0368710222373 24.6223494960248 15.4774161220801
"yncG" 79.6690750723871 121.454316238056 49.2342919520007
"rhsE" 75.7893991865839 33.5682136496064 14.2762931057288
"ydcD" 16.6738513459438 9.77692575947412 3.52802055665788
"yncI" 29.1574085749419 23.3376900758766 3.876455132134
"ydcC" 33.742717495885 18.203244937218 5.19202847197163
"yddH" 163.948642788391 149.613773410116 15.348113302676
"nhoA" 88.9081084288873 57.2306602475584 12.9798019225085
"yddE" 93.0250584138319 52.2640382538142 57.9283671643972
"narV" 160.382598088321 88.1947611303671 20.515332562066
"narW" 121.030712243933 82.6577472561578 17.6853491031956
"narY" 101.957223435414 83.079716798269 12.222085228244
"narZ" 103.416767658751 72.4244975626793 12.8815785477823
"narU" 143.806275769183 89.8650229074324 14.4953856828817
"yddJ" 70.784599640118 19.8511158866713 4.90981878253567
"yddK" 3.60381715048497 2.6876301143714 1.53426144500563
"yddL" 60.7293018610455 46.9635895602336 21.6251880411048
"yddG" 48.6396856139462 23.3078466539464 7.29881349948464
"fdnG" 40.8366179370957 14.0492393507062 4.7311115424676
"fdnH" 56.0950949138858 20.197588023298 7.05048490841761
"fdnI" 70.7174401547303 42.8702647240519 38.7437298199226
"yddM" 3271.7498702869 2471.52705810237 2017.35153427461
"adhP" 392.619107094841 469.517999055126 148.543559393293
"maeA" 87.4615879218008 101.826415785349 70.795072127525
"osmC" 5257.54570114044 7187.85319079951 2969.08751481166
"ddpF" 72.3730190919588 60.4635081254281 103.56865827099
"ddpD" 63.2417453990676 59.1231359982303 17.2901777647373
"ddpC" 96.35868980855 98.4612156403602 20.7569791925468
"ddpB" 75.5706070951043 95.9891634953476 5.61062370764652
"ddpA" 246.181345371897 359.760737740274 6.34272988243767
"ddpX" 515.578791000585 681.355381011999 15.6088508801711
"dosP" 137.169133168875 148.523805193329 34.4424603985039
"dosC" 378.889337176133 588.476195223806 81.2231638695026
"digH" 54.6966454723309 24.6280224654738 26.5654542399353
"gadC" 220.583583933187 58.8907012774364 44.076862279085
"gadB" 199.421082584052 55.9409660877241 70.5432330702953
"pqqL" 24.0187340844965 12.3802655482325 8.80824584666671
"yddB" 27.6914578319786 10.4350534122103 6.61979591342148
"yddA" 23.7337887406262 11.4630770439765 3.48464578405879
"ydeM" 21.7661622181465 10.7538417521095 2.98322032711192
"ydeN" 23.2467861318279 11.9716753664177 5.37950462729931
"ydeO" 19.149399993734 12.1883351100412 3.18405315900727
"ydeP" 41.5584879877501 20.8083942980278 6.85702851388495
"ydeQ" 34.8490215369796 14.6031447615569 3.05940966622362
"ydeR" 46.1566230689152 23.9476603690356 7.54174371258481
"ydeS" 64.5442753804696 29.5812686176583 7.29403684191123
"ydeT" 32.6728664535259 11.6388395228723 2.10924334551296
"hipA" 43.0380193374067 18.0712807856636 37.9703358245228
"hipB" 1032.78268480287 979.818002435437 522.338935638815
"yneO" 45.609810860948 22.5671033316442 13.3380585598221
"lsrK" 1732.02055960308 637.276183628667 19.1365611743314
"lsrR" 1236.26308607875 475.782964748273 22.919888092802
"lsrA" 3993.69231190127 1292.73965359867 9.67797453383251
"lsrC" 1828.36304000281 813.052943653219 9.74261875522594
"lsrD" 1305.57795204029 697.066777874743 8.57493954870665
"lsrB" 3391.94662414181 1658.81676888326 10.3445874609733
"lsrF" 2170.75875568613 1112.57233460856 12.5709394510066
"lsrG" 20801.5720433452 11506.0794422572 227.0644744316
"tam" 626.757227314456 399.301510856504 51.2472356459923
"yneE" 91.3744679534201 62.1762761497219 28.962411506917
"uxaB" 51.0188470385706 24.1279154430937 21.9508959927641
"dgcF" 43.6531512037508 20.2065921172209 55.7549835251191
"yneG" 135.944081356317 99.0359868931409 112.812090575713
"glsB" 51.7417964548846 20.8443878867613 48.0782939749276
"sad" 47.3874076172828 24.2548314255011 75.0908504227968
"yneJ" 52.1515762719928 32.5041398915578 34.7766996151916
"yneK" 29.8509321327398 11.973287556618 6.10057880224032
"ydeA" 45.3898520342132 23.3898613198046 83.6118014693265
"marC" 108.454349110416 104.602904155882 112.195146842654
"marR" 82.5349008016448 47.6684217781215 95.1767451307987
"marA" 164.305362573936 135.890516449348 292.710813912848
"eamA" 65.5305511329249 50.0778315195622 34.225721074989
"ydeE" 49.4196281292708 40.0295737721611 25.1207598135417
"dgcZ" 88.2750000570827 67.0480824408339 27.0899205172647
"ydeI" 1211.19746122472 1347.41154643054 197.380298476299
"ydeJ" 431.411276544485 237.365950903668 51.3335702530581
"dcp" 79.828710515372 59.2014370148658 61.3402775926461
"ydfG" 214.669894075555 153.009824497016 215.715663140093
"rspR" 99.2769015862669 78.8567906173698 206.670894575701
"ydfI" 43.5454699993951 28.7854300774463 10.614314614775
"ydfJ" 43.3983227298575 25.7838997551086 17.019827772663
"pinQ" 98.0629928645955 54.9541087507206 25.5874167759155
"tfaQ" 578.646712366062 338.262703544938 78.6597491764478
"stfQ" 43.0318234704294 21.8780693516535 10.6489980868002
"nohA" 694.578121060495 434.4860541249 53.2920600787362
"ydfO" 17.3985582078227 9.2216816499059 2.57077269801165
"rzpQ" 31.701433740415 13.7345296083124 1.10383857930806
"rrrQ" 35.9079911848196 15.5306382342359 6.73493923709498
"ydfR" 129.143660298597 56.6834222995114 23.0883696449832
"ydfT" 72.0144652240004 35.8334930060789 18.3681118807496
"ydfU" 42.4371382706509 16.5939483084839 18.971457387328
"relE" 13020.7395010659 10859.4175923951 7174.30151857103
"ydfV" 146.154168272394 84.33003143286 247.013329169641
"flxA" 273.785645354586 158.593656958156 44.1589014547089
"ydfX" 342.941939921199 150.954395015036 61.2713661164635
"dicA" 104.294777638527 86.0411752612161 222.760620999205
"ydfE" 39.3240646914834 14.3210741726622 10.510609120769
"insD7" 130.456785068546 78.6210430714788 74.9048646660375
"intQ" 0 0 0
"rspB" 0 0 0
"rspA" 0 0 0
"ynfA" 0 0 0
"ynfB" 0 0 0
"speG" 0 0 0
"ynfC" 0 0 0
"ynfD" 0 0 0
"ynfE" 0 0 0.18621125912316
"ynfF" 0 0 0
"ynfG" 0 0 0
"ynfH" 0 0 0
"dmsD" 0 0 0.373255294997732
"clcB" 0 0 0
"bidA" 0 0 0.304919812124063
"mlc" 0 0 0
"ynfL" 0 0 0
"ynfM" 0 0 0.134847715852057
"asr" 0 0 0
"ydgD" 0 0 0
"mdtI" 0 0 0
"mdtJ" 0 0 0
"tqsA" 0 0 0
"pntB" 1354.31276790291 1032.31354469975 578.033207764092
"pntA" 1551.67043364444 1369.9834514216 663.019527641089
"ydgH" 121.648441697393 78.7342709903218 57.9480064135803
"ydgI" 88.0866665336353 45.5237956955068 27.5919865497869
"folM" 170.594962363228 123.872354402774 44.8315730892064
"ydgC" 284.582982226596 174.689819802707 135.838319650154
"rstA" 72.19836980001 33.2631543146352 31.8153297507123
"rstB" 75.8658024496669 34.886715791807 29.9810463474813
"tus" 175.231673631426 120.384191079569 34.7021717268841
"fumC" 1011.76432493553 819.432088268464 28.9645686426647
"fumA" 1090.50450552086 857.096686985252 51.0218004363091
"manA" 114.678104391844 63.6830920862341 43.4363501343771
"ydgA" 627.109213734516 791.534758715313 294.434282533792
"uidC" 86.0710499105115 46.2243222983394 11.0597010681781
"uidB" 86.5443353623197 40.2329915420267 5.65904878368683
"uidA" 122.326820488014 58.3669741768109 9.43560006122543
"uidR" 350.319311209884 298.9622981493 417.394736157121
"hdhA" 1812.09480483326 2400.81564647613 931.487225672016
"malI" 171.120579666283 132.539294298822 28.8799055958483
"malX" 75.8429582537689 37.2347781763097 17.2229050568983
"malY" 106.802713512355 59.4677287849139 65.8806636625851
"add" 175.732128761959 109.739049296943 61.2855385193502
"ydgJ" 147.515980855372 88.8500082810215 104.507668715353
"ydgK" 139.636258869925 100.374304110767 201.53427543163
"rsxA" 100.128863295045 50.3570448336946 49.2911080426457
"rsxB" 91.4785792271361 53.0028357012574 92.4437235453454
"rsxC" 73.9081356170169 35.5548208060893 37.0584330424271
"rsxD" 99.0885006250077 50.0834241933439 32.661572735132
"rsxG" 83.2440619929127 35.0371730078528 40.7547791743731
"rsxE" 104.492354049109 49.5946483536946 28.6624623396619
"nth" 98.518569264688 47.296604542631 55.0304204237514
"dtpA" 70.9717039200521 39.2213132687277 315.175521833663
"gstA" 396.070600478289 300.792212293296 380.873170301263
"pdxY" 122.061172852089 72.5030509188442 140.335682654618
"tyrS" 127.692342725313 111.331348545787 164.830007566874
"pdxH" 126.60363107918 80.6114492251871 171.879912671175
"mliC" 257.349252378098 161.238744731288 109.435259017156
"anmK" 83.6333460455862 62.3768178997505 27.0936093131379
"slyB" 2120.75165629122 1955.48545857687 818.505856073743
"slyA" 1087.33479162167 808.660726593134 974.818069269352
"ydhJ" 71.4150118497354 34.4720812724979 25.22102229298
"ydhK" 77.7198783993872 41.7838195997067 30.3636184016338
"sodC" 1194.26328735361 1215.4690200391 199.018863260166
"ydhF" 451.102691968496 529.770880379425 62.4806040341308
"nemR" 89.678098809975 82.2733581731435 57.2442681558184
"nemA" 145.164981065324 119.134516623741 81.31757446885
"gloA" 458.601149899905 354.247651270788 219.266336748237
"rnt" 148.693647767605 67.2136118640532 101.239959567418
"lhr" 93.1189548166608 45.2788150187439 32.9579011841157
"grxD" 1975.84025019347 1349.08661144194 838.605544502025
"mepH" 133.589602952497 73.1033448763205 24.2260796861791
"sodB" 523.046028263266 658.633299806555 390.632031237968
"ydhP" 114.59463554292 58.3647383118428 61.3856772573482
"purR" 113.339393992109 63.0552843934421 95.7087635455475
"punR" 67.9949424672502 43.2208241484216 27.5994449745991
"punC" 93.2494905083839 58.7867059688039 25.4770109361527
"cfa" 601.622931914926 557.888374463015 1028.40679117653
"ribC" 309.787006927911 230.683315669794 276.806156641491
"mdtK" 277.177101251007 278.005550347544 92.3508599380381
"ydhQ" 244.883927368047 227.875291085664 120.327877271172
"ydhR" 1248.30035524455 1537.91346797295 1034.36831589787
"ydhS" 126.061449252036 138.456305696261 55.1030758343085
"ydhT" 106.85936075034 56.1962565282742 46.0593558459168
"ydhU" 98.4353550545396 44.6458507721315 23.5640897894274
"ydhX" 124.755015071089 65.9215522527607 14.2884467805172
"ydhW" 78.8526919979721 39.9717312979408 21.8897209875498
"ydhV" 71.6135143906668 34.6135742845566 7.87800389113208
"ydhY" 76.5219464021186 52.5002832050803 10.8378274298885
"pykF" 630.1017894841 697.697529409945 273.434707568564
"ldtE" 2296.7143396346 1511.35666808846 546.854319104762
"sufE" 299.777048101378 226.702204217365 504.358524894296
"sufS" 231.791622286281 235.298875415866 376.787158100433
"sufD" 257.97630041769 294.682358187323 435.807817427642
"sufC" 358.456103169005 402.08144609547 514.546106501464
"sufB" 391.024321419183 422.756106115951 490.037652403221
"sufA" 1426.70163763306 1437.94434584345 1474.92662122478
"menI" 290.700910055704 145.570831759229 245.937254776447
"ydiJ" 86.4448783524365 40.1823473824782 110.150487332751
"ydiK" 210.459912865535 158.51191824409 74.0903725283627
"ydiL" 166.166960004663 95.9618452616611 28.6949742694768
"ydiM" 51.337556927999 25.1739741418207 4.63048592471834
"ydiN" 69.030501567573 34.472375951304 7.86171521713869
"ydiB" 58.4795175353126 24.2103931463692 8.35696996215227
"aroD" 127.190341973349 59.7271204946329 22.4206655951216
"ydiF" 69.6253250598502 37.4459115880775 4.32122744438767
"ydiO" 61.3309224790592 26.0715304329741 4.50471482004577
"ydiP" 84.4247748800459 46.8851372937144 15.36674614799
"ydiQ" 102.099715426818 42.2094919852601 11.8701592888847
"ydiR" 109.213190697422 49.372558438844 12.9900581439881
"ydiS" 102.82811975853 41.4152494483588 8.98130445715009
"ydiT" 315.531179975753 152.158492321965 43.377869857359
"fadK" 78.1120737197264 36.3542315311056 13.1417095922638
"ppsA" 168.047968435581 146.559368015905 136.973001537966
"ppsR" 119.121456654068 65.9922428085188 29.5178090633864
"aroH" 79.6476387331552 38.3244035810036 83.4839822652435
"selO" 156.121039542778 122.430290525762 100.202051351655
"rflP" 320.768366133052 293.336899421243 49.223884857081
"nlpC" 300.928895118213 252.517021691446 200.989782057508
"btuD" 181.696786184926 167.17607943524 61.6876274344843
"btuE" 407.662107739711 608.795637866771 136.51947123696
"btuC" 133.746932444415 92.7060724759087 109.047670480049
"ihfA" 44426.9303382336 44544.8157263307 7618.38369460433
"pheT" 214.532099508218 183.452994774486 116.99164326444
"pheS" 166.679037539893 111.92904603323 107.12224507919
"rplT" 2612.32547327058 6092.02940241769 32292.2805892593
"infC" 2590.70768471582 3589.92726780908 12683.2655028194
"thrS" 526.228957540818 536.636170277347 862.530787799662
"arpB" 32.0856087556875 19.7513993683171 8.19383205159128
"ydiY" 103.328470587643 55.1783662847767 27.4920066225896
"pfkB" 670.281527416209 497.136671719787 141.20194013008
"ydiZ" 6398.01056665487 9620.82677562496 850.590729616787
"yniA" 1191.63438217265 1956.87818437027 212.542583608093
"yniB" 593.158380955268 647.679921291642 473.595301142593
"hxpB" 113.000795235697 62.782430716915 34.7469046708032
"ydjM" 82.8747852155332 70.4846177454893 43.1787658093574
"tcyP" 101.178775021657 75.7909620407936 94.8012283939439
"ydjO" 17.87052745485 17.0479753825564 3.67637162645301
"katE" 109.329141557322 125.826328839359 39.6973135624422
"chbG" 165.199163881019 83.7894566807955 42.1215077195818
"chbF" 98.5969503700629 52.7235233735275 12.2705131169113
"chbR" 92.3635638759589 49.0663014611836 34.7889725876068
"chbA" 221.772862676387 165.174175188649 48.4624072578944
"chbC" 111.669388528769 81.2970274534415 13.9124594787866
"chbB" 1085.06741789991 1019.70132918502 188.063281494918
"osmE" 10584.5494855385 10095.0676779379 4532.11612155701
"nadE" 320.374395491453 271.281210863978 107.092233849185
"cho" 125.219289864247 84.1722840883401 150.549669513047
"ves" 98.2281328822244 61.0187115552847 48.9531417747043
"spy" 708.407096299071 900.60166886607 319.808117027269
"astE" 191.772388797167 81.7639774044026 11.5025190237559
"astB" 251.410417397599 118.410279083738 25.11473230342
"astD" 331.03684943675 160.786285618143 20.6966309237684
"astA" 491.348710236848 201.209217076657 22.7884156363417
"astC" 687.307609416523 247.499557844837 19.5226506787789
"xthA" 159.153170932761 88.7389436718125 47.5337587211007
"ydjX" 106.827271676727 53.6303796384332 23.8885941095848
"ydjY" 137.749020493222 60.0076971242405 10.1712448494041
"ydjZ" 124.613721873205 60.3816185090883 25.2337703780076
"ynjA" 117.631813269398 74.2838291381663 40.6411083370484
"ynjB" 125.447915118973 73.1161985330625 22.4490832751879
"ynjC" 72.7292654550847 38.6687304587099 13.3598126717036
"ynjD" 95.6765366799293 42.3688581190922 111.851463480124
"ynjE" 96.8937590436743 51.2309778024906 20.4706924503193
"ynjF" 127.43909126915 66.7896110462195 52.8710648748625
"nudG" 230.779933498016 102.846092304422 44.5521241998411
"ynjH" 1678.16332905652 1033.93228376113 263.838094955151
"gdhA" 121.776920926962 227.0969205144 1283.07826955059
"ynjI" 71.5906940264932 36.2215232622916 108.448121798063
"topB" 122.767990655035 75.7198406078875 103.759652036416
"selD" 385.55533307408 364.597931677284 232.116372749486
"ydjA" 206.26429877372 148.387584521784 142.396137217359
"sppA" 95.021126100436 55.6108369674473 39.543779948437
"ansA" 75.3043687878421 52.2172527759487 25.0928159459725
"pncA" 105.836742902426 70.8601216295108 43.4137635886906
"ydjE" 67.9553930192865 39.5281026537681 7.93254268527305
"ydjF" 117.120194416079 95.1282945626439 64.3259572431466
"ydjG" 71.7962015613283 39.6530398495774 11.6836789800053
"ydjH" 70.4799968526011 34.394199348461 6.60511999949148
"ydjI" 71.933894595875 32.6531048887784 6.24317138853358
"ydjJ" 89.5636124156912 42.117347279962 4.77886649778354
"ydjK" 64.5360179802243 27.35237065644 7.90442050342973
"ydjL" 134.863917518776 64.5396086226924 11.1407008511934
"yeaC" 11486.2888999154 10938.829792061 722.083207245674
"msrB" 1565.12988066226 1454.15780926014 110.99879800663
"gapA" 2619.2019898542 1973.76245314801 1482.3763060788
"yeaD" 173.003563753106 79.8435901546 22.4333610722378
"yeaE" 131.43518404459 96.9767156125397 47.5533401527204
"mipA" 210.632215817081 166.588179783506 56.8680075198217
"yeaG" 3451.93316981052 5487.36615412742 289.238970473269
"yeaH" 825.954319079795 1558.86764079114 174.911460802135
"cdgI" 55.129400940641 33.5326500332731 6.06972484415021
"dgcJ" 67.5839303973126 46.2448713307283 71.7357374804251
"yeaK" 155.946648815364 86.8610054063325 139.522258682819
"yeaL" 102.382720275527 50.4198466437328 122.74924792672
"nimR" 94.6514876652235 49.3254184841662 37.972853948658
"nimT" 72.1250115451353 33.0232851963396 13.5133827805012
"yeaO" 760.418014270042 477.421697799133 235.723875371097
"dgcP" 107.636782973638 56.3637031925054 129.591063048898
"yeaR" 247.769051504255 108.039258428881 340.971374886144
"leuE" 267.265355040283 182.729508065019 61.6023585464425
"dmlR" 450.346651385049 402.737831492681 44.6714244075204
"dmlA" 148.200486737463 72.7837856760446 12.965000867979
"yeaV" 101.449388063875 49.7460314440048 8.59826866041295
"yeaW" 75.7440601081108 43.0646226521037 10.0626215659875
"yeaX" 79.510145220048 36.308135554073 20.0721520592427
"rnd" 104.794366428613 94.2324321455025 45.0493047785463
"fadD" 1165.25246655591 1811.78766507718 33.8104820669488
"yeaY" 831.239275286659 1361.78959656973 135.961306350964
"tsaB" 122.283618167783 85.6017218159662 54.5806463702073
"yoaA" 92.9703680032283 53.432290322662 24.5811431910439
"yoaB" 422.097235786684 254.97876189866 227.22786828507
"yoaC" 15080.3213849966 19401.5708484778 793.21843959839
"pabB" 92.7383343308696 45.9456908799645 28.844989307708
"nudL" 160.001859547088 112.204833472837 75.4473438800575
"sdaA" 161.95010467127 142.09784803504 116.039563143945
"pdeD" 101.431670041303 68.4723183368865 21.7584996698669
"yoaE" 93.016668787605 46.9258440020725 21.4246112493481
"manX" 2423.78374466812 2709.52410518533 75.862504965617
"manY" 2352.21442775554 2647.46926375866 88.9628833405833
"manZ" 2655.31887820292 3399.43799963914 93.1037015478102
"yobD" 198.436452875107 154.522180478198 15.1040701946413
"mntP" 137.070836586391 64.4280770889486 20.660023900173
"rlmA" 87.1854853614382 72.1095100897026 43.6407506608175
"yebO" 875.443696299227 661.430458999979 1253.83751280324
"kdgR" 282.733094743689 262.433339172044 231.511709243775
"yebQ" 119.18223306974 60.1284269199519 20.1076839760788
"htpX" 663.571739837912 590.941118906517 459.181237511697
"prc" 172.99754162155 121.671017015213 77.5428130795374
"proQ" 341.445572599904 320.716066540836 342.541624842499
"msrC" 319.77098381636 240.562367078926 245.05216460639
"letA" 128.169002263608 107.657402335696 54.0706836162291
"letB" 103.551900192838 67.4136739443872 39.2176008233232
"rsmF" 97.4315753636396 43.1546873500207 42.9813440745356
"pphA" 204.217161436416 253.776784597811 503.935852909458
"ryeA" 992.023796231369 1467.68107028934 387.95114854646
"yebY" 847.144980346582 450.633620685729 143.40285418424
"yebZ" 122.405866803697 55.8292082555544 49.8739200066495
"yobA" 484.957512518869 254.308516119633 148.870480097321
"yobB" 121.374350665039 75.386633071703 20.732596470064
"exoX" 127.970092506601 74.9947967191751 84.3510517611352
"ptrB" 112.926437120328 105.717959871732 37.5436792864678
"yebE" 376.685958476231 311.868667493451 78.667035719625
"yebF" 1862.87857202506 2440.32004348202 1546.91997652725
"yebG" 4351.07586275022 6048.23942693578 2973.4633556519
"purT" 74.8557647205834 40.7439743432665 12.6825322025986
"eda" 221.112979090743 135.513517276875 162.888440984767
"edd" 108.820926564093 52.847488575308 26.0561065910904
"zwf" 146.622657550598 105.538751191678 78.7960643404227
"yebK" 261.41503030769 222.962984333717 117.741283499026
"pykA" 697.918757724747 575.572029766773 137.125342387266
"lpxM" 119.640002584555 77.818507109268 85.8147642804134
"mepM" 248.367376510382 233.258531987257 152.764374363778
"znuA" 277.334980134918 424.296632996028 77.4372916553502
"znuC" 234.557238627763 252.097762381047 114.115226680701
"znuB" 156.375152649933 129.998212542383 78.2935886551944
"ruvB" 173.334065058167 120.628191538066 142.487826756156
"ruvA" 210.178155327947 161.71787380445 184.049516254205
"yebB" 102.911639371441 57.6326676658153 21.6201153691881
"ruvC" 213.648778170876 185.890816866408 292.999993133021
"yebC" 264.817467567637 276.197701994974 351.22028646823
"nudB" 397.903354452108 403.047205885705 733.954713571387
"aspS" 205.719445294143 218.73223116499 450.239132359965
"yecD" 163.060891315758 98.897098331536 112.769297121777
"yecE" 69.9532468699448 38.6491608050915 39.6058635677831
"yecN" 234.301797448049 198.439717835315 289.834329477982
"cmoA" 97.5054810921326 74.0238905722855 77.8465972644098
"cmoB" 123.167848814612 84.3264605507905 67.7880304271974
"torZ" 88.6891895767602 52.3913186671736 12.3969723188323
"torY" 58.5599108546313 52.8505626037974 8.59647121811034
"cutC" 1017.49492113554 1396.13865027807 533.410974380635
"yecM" 190.119030486059 108.883450280324 75.323003802714
"argS" 110.951911551069 73.350119684461 89.759138849609
"yecT" 109.355080323621 77.4489785150014 19.482612111193
"flhE" 185.261338392632 99.6140831991447 31.9291659299895
"flhA" 88.1026093593284 39.6710120785871 18.4758810752427
"flhB" 78.9798989835232 38.1310551987435 12.9567805510082
"cheZ" 131.689570783392 56.1931182545756 20.3342469708313
"cheY" 278.008698826349 148.698756180243 31.6424388342504
"cheB" 75.1980560887105 31.8154648019805 4.91225235921885
"cheR" 82.8710200199373 32.9866248791031 10.8825356288366
"tap" 107.957260334024 44.102851015968 7.10330171494723
"tar" 82.855406985096 39.4738710955838 9.19530814489872
"cheW" 140.710481977081 74.2783363988732 18.3156633019917
"cheA" 71.7767513655865 33.0293852694863 6.46375731622415
"motB" 111.998065744117 47.7499098398857 10.2166374696721
"motA" 79.3055502473564 32.9779471241631 5.52866017985766
"flhC" 115.11911093752 61.6816625997089 53.8909599143269
"flhD" 243.468034025164 132.13934015092 128.771539285263
"insB5" 74.3883439751449 40.9951474113999 38.7861105218647
"insA5" 477.212971190906 247.259492349048 228.550154801639
"uspC" 123.676729558454 111.687839806825 257.614859394653
"otsA" 348.917374310173 428.741077825693 288.829468789507
"otsB" 566.146717203993 735.134573411251 431.753383968704
"araH" 216.464026413435 259.409539368383 38.0751786946875
"araG" 146.849414424889 179.239950563556 8.87657143915148
"araF" 284.838798907832 553.954437858392 9.89219259381739
"ftnB" 184.626492275661 161.545234353834 62.4887336185599
"yecR" 302.25406837677 233.578770076252 59.3790665748251
"ftnA" 407.98366900708 268.863822029388 36.9785924068201
"tyrP" 78.1093518280556 45.849490746796 30.2627477970874
"yecA" 230.633690291878 149.119954064082 74.2515986393082
"pgsA" 184.201585408993 128.028350680526 404.127875036941
"uvrC" 167.402033491286 111.355587235404 60.5586492026708
"uvrY" 211.373018845239 158.237289219812 152.484903070148
"sdiA" 94.6176762208223 50.7428921649919 25.5769872111498
"tcyN" 178.595873755521 196.783930865786 100.754496051759
"tcyL" 180.320417929304 230.363226553603 97.0964906221509
"dcyD" 213.910321729863 257.239883001475 131.699651910127
"tcyJ" 649.332326151227 681.700083207953 360.533790380258
"fliZ" 200.649118226341 91.8105831173595 24.4107663801188
"fliA" 63.1735735750085 31.9755483411655 13.304592441207
"fliC" 98.589175133243 69.0303872011276 71.8235658669472
"fliD" 88.0514316678253 38.5585038898457 7.95331127561277
"fliS" 182.684861182138 77.0669109313563 18.8523331187521
"fliT" 208.868766091373 87.6829474432227 28.7977640914725
"amyA" 327.365063998506 362.763397450665 36.0643232143317
"yedD" 480.484922492138 527.551922808852 215.270396134071
"yedE" 163.789262133585 151.650150573311 14.589300025513
"yedK" 154.407706019464 109.386311979856 41.2416532074018
"yedL" 130.739512625713 82.894285398245 42.8971646150143
"yedN" 14.827728755357 13.3814536786625 3.85255523605931
"intG" 458.873794480706 306.648343733967 15.9148469296028
"fliE" 320.109130204133 132.813178362158 24.1569100700087
"fliF" 96.6118655895692 42.5149583446953 7.96708029545788
"fliG" 68.9966533697147 22.2342947355164 12.3561643556459
"fliH" 123.328522073661 63.3629343963616 12.1388025428499
"fliI" 76.2531063554753 33.6896039066201 7.34472288946588
"fliJ" 186.111728785402 81.999173154048 8.50111471740782
"fliK" 93.4720459261221 34.968179639536 8.79387113827789
"fliL" 145.662390722114 68.2086208017121 19.1418840054769
"fliM" 91.7630314405958 34.5354658003055 10.9514489380796
"fliN" 173.42946906521 72.9661778181154 10.0907998187846
"fliO" 322.609183269843 136.709971820078 17.9986025571703
"fliP" 77.7045976082905 30.973693180983 7.51904975738104
"fliQ" 2022.4101974243 1217.59299240901 82.1085671968331
"fliR" 62.92386620575 36.5795836158221 17.7364116694615
"rcsA" 90.6627490525246 74.3804388751918 36.0544788841898
"yedP" 1168.31965993896 1325.26427883796 695.360445645873
"dgcQ" 165.246385117287 118.714464710265 88.6312236166018
"yedI" 160.503618482772 188.223832051695 46.9021781106427
"yedA" 133.007865868252 66.3841459045277 15.7659136811534
"vsr" 126.997516319513 51.6871076478077 55.8409872865702
"dcm" 134.618622601394 74.8726369822734 78.4826776156457
"yedJ" 114.766182624681 86.7340197235846 274.122911099533
"drpB" 510.413258696547 333.246785877223 966.143380783728
"yedS" 106.735829434468 86.2827114062354 34.895718511153
"hchA" 3643.12997283177 1575.50780397921 135.485047530833
"hprS" 49.0788949583737 25.276473805811 18.9160633264203
"hprR" 76.6410770249154 34.7572838977278 29.0168254304937
"hiuH" 70.3668747436712 36.8059481029431 11.772599788582
"msrP" 176.783092519742 148.462807003612 68.2221409257421
"msrQ" 170.009920412515 115.876681129446 82.1928715303466
"zinT" 80.7620718898351 67.2009516540503 11.880578563663
"yodB" 139.980397231394 94.9522202542117 43.2779519286734
"mtfA" 266.177089822012 204.663679025451 41.8769359369071
"yeeJ" 62.4916845069078 30.3929509046691 22.7365968624037
"yeeL" 45.7192154941411 27.4688684005955 9.28137950104849
"shiA" 92.039716894212 50.9804691600833 117.090887647194
"amn" 127.546575625789 88.3565088472099 88.8195000284299
"yeeN" 115.463667996242 94.8305639371142 47.1586200904988
"yeeO" 90.9540963471329 51.7280983405948 48.5122252011567
"cbl" 98.7806968149653 54.2204771516923 55.7085857210656
"nac" 113.365016984212 55.4481033910246 57.8663236430008
"ldtA" 496.736321938553 386.496725774698 285.922307650523
"cobT" 126.646284723594 65.0241585990171 31.668386879052
"cobS" 96.6026525635018 60.7689239408845 22.2811815491773
"cobU" 104.343627965906 59.5006128483895 29.9862088150332
"insH6" 231.595764108166 143.981555040018 60.6438575628846
"yoeG" 114.526280149498 84.827063667117 39.1058837916896
"yoeA" 30.4023524702927 18.8196952342826 15.9870105868467
"insD3" 0 0 0
"insC3" 0 0 0
"yeeP" 205.687878846073 107.142737764897 133.004413441449
"flu" 95.3798628500187 53.4737817220917 22.3083448049571
"yeeR" 93.3986901524872 41.0035706603485 19.6122188519788
"yeeS" 208.860749362075 123.661308084102 42.5437734291473
"cbeA" 293.584833114061 136.554306902915 64.2796863449785
"cbtA" 153.395205335046 59.0204064714508 21.1085009093216
"yoeF" 106.256423404342 80.4841282839737 58.6942655512025
"tmaR" 2132.54654866972 1448.26943928282 1761.55465321164
"yeeA" 251.753128484502 215.013321105907 56.6133927408955
"sbmC" 1274.62173284182 1736.23679156406 219.099998717026
"dacD" 96.7947444871922 51.7136857380947 23.4829226365453
"sbcB" 106.378650075498 69.4037268644947 72.1377875990217
"tsuA" 205.147364742257 290.138457395924 411.703311707458
"plaP" 73.4196424579718 31.5507758143457 13.1802247693768
"yeeY" 265.211100463562 169.391447350347 226.960180604563
"yeeZ" 632.360967271758 386.390844561647 445.491180491838
"hisG" 112.971939713532 131.126875763531 137.528964563523
"hisD" 102.709803806493 123.307894012837 120.993386588117
"hisC" 99.1026766163665 130.52227916938 111.729635318763
"hisB" 94.3351137220932 108.197400676118 102.865116453523
"hisH" 123.81691018257 152.019789968026 157.922337913853
"hisA" 111.757494795453 137.316706435691 122.254179388529
"hisF" 139.027371014498 131.123431365721 106.959588273237
"hisI" 221.664996904217 185.582490598509 181.414860602304
"wzzB" 324.446126042964 262.530470728237 106.451297373382
"ugd" 133.273360879753 81.916216484293 68.6764718615947
"gnd" 830.539179785702 743.94725879228 469.011444341283
"wbbL" 74.6682986127618 73.6397941050396 70.3041655015828
"insH7" 0 0 0
"wbbK" 117.842400407742 143.291401550609 140.918098535733
"wbbJ" 175.654923245672 215.93380775419 221.491076466518
"wbbI" 136.472601171849 182.100794374378 168.762108139439
"wbbH" 87.2838181010125 122.548398135653 111.506959689256
"glf" 149.307766951752 211.349929610861 145.14858632611
"rfbX" 104.991001915858 136.716294398076 136.339640535404
"rfbC" 180.097261010912 225.376809503887 209.606058404112
"rfbA" 188.764122870007 193.597828329718 183.758363398789
"rfbD" 251.541750963362 234.518337146996 195.545735654053
"rfbB" 238.495698549851 248.300095068604 188.802825139944
"galF" 854.96919427379 699.964798042154 217.600011930263
"wcaM" 69.4546356256629 35.3217761095101 9.69158656627343
"wcaL" 126.121912126359 47.7774622848774 7.2512702521179
"wcaK" 84.5920972837712 38.500202781488 10.3730184782729
"wzxC" 120.108337417392 60.3554549531421 5.72460004274443
"wcaJ" 97.2557293871819 43.1324882713185 9.10063616589091
"cpsG" 83.5349992191267 38.5685302307218 7.84735569525793
"cpsB" 98.2365899440297 42.0932577815846 7.97968554563807
"wcaI" 53.0101635424966 28.720200588474 11.3993460365703
"gmm" 94.9477068878748 51.3584159532607 14.2990548716714
"fcl" 87.244595144177 35.7495488532411 13.0658348310165
"gmd" 89.43585362573 42.8718176200649 13.5149587643597
"wcaF" 73.7562816319376 31.4936049802364 9.58947500087658
"wcaE" 74.0241014053639 33.0339091298194 7.92871258689823
"wcaD" 49.8089650139955 22.6266418406975 4.47620084964156
"wcaC" 75.6822717832794 34.1456595050527 6.15477616825714
"wcaB" 90.253756249626 36.777447898185 9.7413060555965
"wcaA" 124.667726911815 58.8448521358993 11.7323293873571
"wzc" 85.9911062995505 36.0043303063908 6.92393000423975
"wzb" 125.461900235526 45.8548007769346 4.95898358515455
"wza" 85.9924186232054 37.6259224221236 5.02226686636269
"yegH" 110.33252263461 58.3893687819373 54.451841918995
"asmA" 127.526922047467 82.6468807363135 61.5341922623097
"dcd" 354.014930226209 292.009449005143 335.59029392368
"udk" 104.406516646988 57.1536017522695 95.1629697864098
"dgcE" 135.214900845625 89.6245753804068 36.2750362639873
"alkA" 150.948230035404 78.2064697200239 22.8834190720891
"yegD" 75.3212771823987 30.4624801713715 18.1603594130286
"yegI" 72.9957884637411 32.9736315192477 16.1718281902733
"yegJ" 197.64884031231 128.149360879334 22.6536322591554
"pphC" 112.720331781298 53.0782335437279 10.3481727667736
"yegL" 187.113764725321 73.8311413939366 10.6217094642531
"mdtA" 97.144305983199 53.9485888179136 27.1322667732148
"mdtB" 84.1467572797696 40.836709700011 22.8491991023973
"mdtC" 75.2256106050364 36.0760561558174 16.6218276603651
"mdtD" 87.8378910706127 42.8590404325179 13.2302591928253
"baeS" 49.3427182333432 24.711254526957 17.8243499339475
"baeR" 210.943148482332 115.130931802923 69.5464146640252
"yegP" 7071.79296050503 5862.44900634018 835.622289066028
"trhP" 177.847553551187 147.580419538563 497.667347169697
"yegR" 297.733683899034 316.092977291652 46.0642300191534
"yegS" 305.979891097224 227.58448355198 51.3385816124834
"gatR" 31.3052727529651 17.4157926807805 12.7981817983564
"insE5" 0 0 0
"insF5" 0 0 0
"gatD" 303.561321741244 225.153998257589 15.2478401896171
"gatC" 684.150704792396 517.563779952493 14.413654907399
"gatB" 7228.07783843273 5082.23567408423 51.5068476836069
"gatA" 2689.53193287073 2154.55464268747 33.146341903224
"gatZ" 3013.11872762408 3415.52481704054 51.453488323424
"gatY" 7505.206005116 8329.38812421821 100.041460887327
"fbaB" 1197.78836255434 1213.85053755754 511.994643748748
"yegT" 110.154508891121 56.8078425174718 8.03300152686524
"yegU" 116.682704515518 62.1903023990177 20.6461742275272
"yegV" 95.5978010622366 47.8988095963347 18.7466325836324
"yegW" 161.73144579778 80.4568216229341 36.9095241114227
"yegX" 133.653689550397 63.7093472631876 29.1079238269249
"thiD" 102.972477094877 48.1457522650881 30.0650187466792
"thiM" 85.0742166618958 43.8322929771388 25.9516373006295
"rcnR" 3495.44900663587 1902.78294238392 506.846866624369
"rcnA" 87.5755176319496 43.8247184749087 17.9424110849918
"rcnB" 263.988501214534 179.360451435137 63.1653814851152
"yehA" 40.8635290991356 22.8935898064465 5.35182488429236
"yehB" 53.5248390112458 26.9010657683151 4.23959445578509
"yehC" 42.5115401125058 26.6105234517082 1.73538162276613
"yehD" 36.6955762707624 26.92095828022 3.26275618388651
"yehE" 2344.67508492881 1655.38128933551 455.535513567571
"mrp" 162.127930429385 121.97102682256 76.3976774236736
"metG" 104.922564428407 72.3662658483077 119.188444320664
"yehF" 115.800739650194 50.9833378273839 10.8598803935477
"yehH" 71.5417431513587 35.2417749675233 9.62713857780198
"yehI" 82.8456568614557 38.1891865470381 11.5367833942716
"yehK" 178.260931761205 143.2023433034 18.8444577351082
"yehL" 104.326313861008 50.1694766643466 8.55846915733296
"yehM" 84.0897364225474 37.5720655826216 11.9165835338389
"yehP" 101.228152487655 45.6204780525339 9.46781662536003
"yehQ" 99.1157653744561 44.6022173598535 16.5301729724882
"yehR" 171.656664052061 96.2347690894618 57.6049506018523
"yehS" 185.053523779863 156.470971333818 138.98201280213
"btsR" 142.02179322502 67.3847126115835 26.609184882414
"btsS" 76.7137300584111 36.806144966503 9.606320810108
"mlrA" 266.168536482329 164.790934960768 78.6712448450191
"yehW" 145.119715108191 100.589390502703 35.8109250728223
"yehX" 108.723268500137 75.6902595604379 18.0293602405978
"yehY" 160.388647853269 144.737931337065 33.4120676636535
"osmF" 560.185845273378 756.79168141804 61.5210388204536
"bglX" 92.6135924405489 56.3670812523547 32.465582161392
"dld" 116.523019754405 82.1707022754375 111.804132379546
"pbpG" 80.6527121866909 52.0115002464056 97.0944503063238
"yohC" 3036.14102133551 3540.95734503984 378.37964786823
"yohD" 263.472012830217 225.029583152706 97.0037278457883
"yohF" 337.072961253341 333.409941074676 75.0905869999215
"mdtQ" 77.1520773208778 33.167245759029 7.87234217703702
"dusC" 149.531885214302 78.8200401735563 24.089261174616
"yohJ" 293.034462547226 191.239445881983 278.289700240382
"yohK" 111.508627222671 91.4896709355828 173.194453286468
"cdd" 284.145247133889 317.323043084784 69.2229427371912
"sanA" 76.2357786375106 43.9932040935498 7.23075676152553
"preT" 108.187297735184 75.780741824864 9.99372467088151
"preA" 137.384074100133 91.4591671591462 8.92569495811857
"mglC" 138.725417840177 101.070410755507 4.63085436957509
"mglA" 122.686712211715 95.909792724012 3.61897222803241
"mglB" 681.105023435265 455.415838075033 10.1347125780576
"galS" 133.813074576863 104.247310852449 10.1081187773866
"yeiB" 99.467713376781 41.1499046636842 22.2249914369838
"folE" 156.811978258521 91.0345245395268 222.445137378506
"yeiG" 161.851262840718 94.0272653865347 158.622798982742
"cirA" 113.770615575746 61.5037423021137 93.4328529471014
"lysP" 159.892325156094 99.3880987485316 90.164117617378
"yeiE" 229.502054503348 154.117190119972 43.5782100116288
"yeiH" 123.302694910165 66.500559762571 36.7571986879481
"nfo" 216.984741886153 291.115901655305 74.9934822162944
"yeiI" 145.161108427816 88.8071067968412 44.2456707379101
"nupX" 110.182131208258 46.6269188277324 7.57418487210932
"rihB" 81.9897232054598 31.8060734978133 4.50711165693877
"yeiL" 83.3134280893765 44.1999140786444 8.96206736046359
"psuT" 83.8486018494844 40.8606900601237 19.7469819879993
"psuG" 96.9890338594193 43.2735953375749 7.67594344872026
"psuK" 74.3031866549483 34.2638155408262 3.91922752777284
"fruA" 238.401616225672 251.267331699598 59.1794534197288
"fruK" 246.413266787114 187.760935474779 32.671964422758
"fruB" 133.393712774017 98.9985949515812 21.5251331932621
"setB" 102.562003280931 46.4890908103809 6.68403879465654
"yeiP" 145.613707404762 84.0378724691439 27.0292765433182
"yeiQ" 129.353575612273 56.2234564986669 9.67241313459401
"yeiR" 110.259955161319 52.8853739433713 14.1632307221785
"lpxT" 70.5064750765071 41.5325039210209 8.2039808095135
"mepS" 94.7034870960516 50.2539001293801 55.0933970671278
"pdeN" 94.7844063844741 53.0003869149624 16.8705876021437
"yejA" 103.626193333779 63.8263927057714 31.276372562464
"yejB" 94.9449061378188 42.8445379732508 19.2394893727482
"yejE" 103.359824709785 54.6908078922712 29.8653258508916
"yejF" 82.2528276737811 46.0562277016557 108.919477038386
"yejG" 3330.30846583989 3443.39374286293 404.288544870841
"bcr" 131.478098528044 88.9026403105701 209.533189224336
"rsuA" 206.729477435288 161.692141207936 270.15895354192
"radD" 83.7895524377744 39.4914296882995 20.3151029715444
"rplY" 1787.01555415127 1653.30820268964 10434.4288932374
"yejK" 122.492361287221 66.2893154796845 60.4404971801947
"lapC" 122.993171156489 88.2981135555664 62.7351858284255
"yejO" 60.0027779965826 32.1320925829974 19.7929193577325
"insH8" 0 0 0
"narP" 122.221672596857 100.311223766807 74.2198352234111
"ccmH" 103.96990270505 52.2032793133487 19.4065207749195
"ccmG" 152.587496090712 87.2961721642445 15.0668202658346
"ccmF" 86.9342042399034 42.0359618775871 12.5294726047784
"ccmE" 230.658303643843 113.078617581302 43.4929585680007
"ccmC" 125.698613778117 64.0122992406983 18.9368660556263
"ccmB" 93.8085847611951 45.094910445517 12.5208592457935
"ccmA" 178.323420321853 96.9117397023481 22.943759289939
"napC" 82.8390905157107 47.2587874859686 22.3922623466591
"napB" 125.521073878743 60.5845322655232 14.4225312166561
"napH" 121.337847383336 64.9914735713965 7.51403655158586
"napG" 94.9702690278478 49.5946483536946 21.0394670365604
"napA" 73.4779833389852 37.9223759122466 8.57721584566885
"napD" 1843.62138045739 1356.49387715313 51.7367598380616
"napF" 144.713735516517 82.2021101150414 14.5282127406722
"eco" 312.306648609817 210.280466806093 175.916527004007
"mqo" 85.8770330246324 51.1900854304477 151.322721218124
"yojI" 84.9588566919879 38.7782855510648 43.7580271314432
"alkB" 165.157039747033 101.306697794264 81.1273793347269
"ada" 139.317212593902 95.3782868241858 137.993082621545
"ftp" 125.665294651438 53.120534021902 65.2311224982073
"ompC" 676.93088101522 549.393049071327 692.747405995763
"rcsD" 133.047518466487 82.6390504938086 54.9229064863496
"rcsB" 601.104555830573 462.574971723934 324.848962440727
"rcsC" 83.9141230365378 47.9179077643331 44.1644322663028
"atoS" 88.6197941705496 52.8437420638286 15.4331794336198
"atoC" 98.4212607139725 51.0010708533082 11.0790339130313
"atoD" 123.089877114401 56.6137190919264 12.8503555417354
"atoA" 86.3511426088551 38.6531789589086 6.78890203637882
"atoE" 90.8009763586339 46.8926568079271 8.07342688627727
"atoB" 98.2155906733545 44.1010322011788 8.25571951483334
"yfaP" 147.478882930273 62.4124629644702 22.9383213405256
"yfaQ" 91.6609797266044 42.011269690936 11.882730904431
"yfaS" 70.164004840475 30.4806326709355 10.8819185434592
"yfaT" 125.78705911592 59.4500588090035 14.2032795604384
"yfaA" 74.5662334660461 34.4547695188857 9.49226114421737
"gyrA" 242.848081595547 184.215853414381 269.648932455748
"ubiG" 202.684747814679 135.811858441596 120.700389086325
"yfaL" 77.0617072176028 42.877132706701 19.6608919860983
"nrdA" 82.9785348939091 50.3363020617716 13.4080650959821
"nrdB" 124.993920710239 83.3851022620747 47.509043976557
"inaA" 159.567969028014 132.380822055348 49.2195397637465
"glpQ" 167.878176812273 128.717312897968 57.0141749443428
"glpT" 88.6201908964962 47.7743281506994 10.7394424046774
"glpA" 74.4858906776341 31.0752243911773 7.0619448905097
"glpB" 92.9207304507717 39.9997177237023 6.97027754149738
"glpC" 89.7241261141422 43.9221377724841 13.3836446413896
"rpnE" 90.2751602846801 39.9081795802049 12.3129118501485
"yfaU" 110.435843822106 52.9575405500686 12.4996635299402
"yfaV" 95.9375756509993 37.5893603538221 7.6796661300269
"rhmD" 104.114104612047 59.785155514478 5.09917282445114
"yfaX" 112.994216370525 62.0714771278346 10.4473356411949
"yfaY" 162.342093793281 105.323165723137 71.6139919611705
"yfaZ" 179.228919890881 101.390622094335 39.6191822329078
"nudI" 139.103020629876 87.3901659981843 14.8651991493384
"ais" 82.201866742513 39.7665406894125 10.4239841958585
"arnB" 280.04174071727 267.638979932602 60.4102116240164
"arnC" 215.339598022844 148.927244558019 47.3300372944708
"arnA" 122.411782220173 97.8805625346205 67.0070512396405
"arnD" 112.853529484741 70.7990241158458 58.4126411153522
"arnT" 81.1964004052503 38.5981339346679 31.9085548469723
"arnE" 355.367581866715 222.332497930718 196.392751301427
"arnF" 387.227237911784 248.793376040974 81.8957512581398
"pmrD" 3731.34389348135 4603.29589823441 351.574283603049
"menE" 109.185760675535 58.4210951526338 37.2008504253965
"menC" 136.241549399157 117.945232850902 62.182542399708
"menB" 122.556196806068 117.106113413749 76.1094566540369
"menH" 110.771623129974 53.7939628296033 9.07503131231113
"menD" 110.878037805333 63.2294315851872 38.8319200280815
"menF" 107.185857832646 63.4266216477148 87.7431246749315
"elaB" 20861.7105434055 19719.9120871683 3450.46744183842
"elaA" 326.526714269377 225.857111128328 70.5498833213697
"rbn" 117.680522755207 65.3388461580722 20.3039732080705
"elaD" 26.9540347717961 20.5960466334366 6.33406349241365
"yfbK" 71.0228858404284 32.8005252938924 13.6330313507137
"yfbL" 62.1207705727497 36.9707142316273 6.19668976204297
"yfbM" 99.4832070029047 44.2422878004218 12.3900075278179
"yfbN" 49.9625395677322 23.1135998662215 9.89748816714175
"yfbO" 49.0138798745874 32.3137811428815 8.75855226896839
"yfbP" 67.1293111459658 46.7229230233119 12.2346993058694
"nuoN" 164.046349029639 132.613484340665 83.1098797387765
"nuoM" 120.957289754058 84.0622728694186 25.4712557222681
"nuoL" 137.603702386346 106.426989414522 43.0596212852098
"nuoK" 1043.91053411806 716.480589636029 251.088110260177
"nuoJ" 303.836795227054 254.507458013945 74.2936593847096
"nuoI" 201.632534877242 212.570683563296 50.805774863376
"nuoH" 206.554587627783 184.952898702789 54.1909588998086
"nuoG" 163.896296169474 171.631830309244 73.795268279128
"nuoF" 254.836038771918 269.119124345532 110.593739708143
"nuoE" 494.545243954952 459.476329347689 226.814627798242
"nuoC" 356.327795989531 320.860190283385 131.709065030308
"nuoB" 917.480493733768 746.271751666301 325.212844094689
"nuoA" 2349.88355322654 1901.62556163171 470.395014363232
"lrhA" 389.564577126887 323.5354711816 120.650085488859
"alaA" 124.351443547526 77.5476724903907 122.535998258938
"yfbR" 156.856316198093 90.4134784164225 47.1194316112517
"yfbS" 87.1712081530082 50.2633707420062 18.6202898817803
"hxpA" 280.571350094791 195.539611203891 120.842456247543
"yfbU" 318.742472118372 229.322809756833 115.666924512274
"yfbV" 2467.99909990534 2285.79176706621 939.667611511231
"ackA" 1244.42973038259 1730.93607477132 142.091253891211
"pta" 388.484206626602 568.571148610049 93.6493543320015
"yfcC" 69.1790282689907 31.7876918881701 16.6046961050899
"yfcD" 349.187378408096 183.901611109036 121.65419485634
"yfcE" 276.417377121198 155.588222026971 130.685232170694
"yfcF" 201.507748397 146.256061210539 51.0079415539496
"yfcG" 230.080890579798 269.87283551476 64.3010554009276
"folX" 652.386466707843 679.520556390086 232.999573587826
"yfcH" 640.839291295288 748.34014297351 143.241053351964
"rpnB" 119.950147136389 77.3631720471161 23.4920404485655
"hisP" 219.322777316908 198.508813766177 70.5077435056059
"hisM" 237.381826750039 237.832462174858 66.9535964247824
"hisQ" 424.741383075265 407.234041868586 117.653009261468
"hisJ" 1138.92321971991 1216.33681776033 192.893489765475
"argT" 2847.62134195147 3757.30537082318 40.7700903071018
"ubiX" 151.608422363458 73.3713600945132 22.5958334733841
"purF" 130.703574076491 107.88215921858 38.3027515089228
"cvpA" 259.30047430448 269.12438344319 82.514592470935
"dedD" 370.896369807268 435.263918213251 129.49204430518
"folC" 114.383963129357 104.47610819725 50.3523242015653
"accD" 212.595705548559 175.990476559382 251.483474563581
"dedA" 135.48675518797 72.5965069224661 136.422580931501
"truA" 122.661114650575 66.0083013189251 118.645042283723
"usg" 100.950390818172 70.7286368774895 68.656553978645
"pdxB" 150.908389686393 111.803880941555 101.702675362738
"flk" 147.638000221218 79.5612715234744 20.5330378262938
"yfcJ" 96.5995820918003 42.0306261646326 20.991777438784
"fabB" 309.623613102997 216.741534914659 120.482644189036
"mnmC" 85.6105893290143 34.6577815287206 41.8543689612178
"yfcL" 1335.44040188616 823.407589656022 525.189948676893
"epmC" 206.517588569425 110.227617430827 111.420566676852
"yfcA" 151.92914875057 84.4865155528604 58.9150133921034
"mepA" 110.967653688166 65.1259760603226 61.3819326591826
"aroC" 178.342958616269 106.550689522472 82.0036304899672
"prmB" 123.007557017126 65.0510031250815 36.5345170886779
"smrB" 273.646465342267 193.784699421142 162.286391304863
"yfcO" 194.93930621811 149.907143720562 98.0174292549739
"yfcP" 188.570182107041 85.167327863907 15.0716777144908
"yfcQ" 74.4951638885801 35.0467444676823 14.89846808503
"yfcR" 150.821451139019 70.8356491438191 13.5202041679601
"yfcS" 100.598668343681 35.0327445590157 6.21274372437118
"yfcU" 86.1031754925123 47.108826677138 17.4804575697193
"yfcV" 63.6397780156604 57.2593235715608 4.3457672007962
"sixA" 7184.23508111498 5064.24015355557 417.898083955776
"fadJ" 508.654857901229 839.043269364295 15.1921648687862
"fadI" 603.285266149494 894.02576977862 16.8404079761116
"yfcZ" 3262.85924563937 2939.68320733337 3575.43367670371
"fadL" 1311.54962813596 1628.90778262766 15.8795783395861
"yfdF" 17.084224245691 18.0102953995769 2.34493342713767
"mlaA" 333.005206389838 231.603627002005 78.9408862214734
"yfdC" 165.686960045495 113.692744200593 30.9749166621401
"intS" 49.3690606735611 19.2032888430526 10.7395931776029
"yfdG" 73.433386954064 71.8350302469519 87.5289403425164
"yfdH" 47.9158771450848 24.614346234263 19.6063285522037
"yfdI" 13.6483450473801 7.16772993493905 3.12736343502578
"tfaS" 828.459711351681 890.24498512915 311.130919235439
"yfdK" 100.949156845357 48.8159183926681 17.994131734967
"yfdL" 109.330255014698 50.072366454719 8.6403039039801
"yfdM" 2112.36918130093 1250.03410020908 90.217166369068
"yfdN" 112.606829565907 47.6350689384599 7.26410637033607
"yfdO" 235.270037495514 98.9789607081534 14.0246588389044
"yfdP" 366.102682785477 181.529062921352 19.7248316264826
"yfdQ" 36.5381298729326 17.6346476731705 4.9577714840109
"yfdR" 64.3278882872314 35.724209668596 6.18767730136048
"yfdS" 180.922837423056 66.9813119870228 9.86241581324128
"yfdT" 153.34207818743 84.33003143286 33.4497216583889
"dsdC" 96.4503933461843 45.9457269683462 16.4077960748619
"dsdX" 83.4598155596425 41.7614396692387 8.45936366721452
"dsdA" 99.8922141744927 48.1034834066202 17.1857593353046
"emrY" 32.0965159493301 18.8654452468646 10.9147859847713
"emrK" 58.8253146830602 37.7151786044362 16.7441142040122
"evgA" 192.392685939042 265.014234020086 249.707792353483
"evgS" 44.3629580201207 39.78725068971 40.2645763312068
"yfdE" 78.0149961864408 51.1621793332849 18.4423373470349
"yfdV" 63.61432272249 42.7496864426429 8.78000097175456
"oxc" 51.658515421104 36.0260658802828 5.70908620972831
"frc" 65.4481859377052 39.5682594742803 4.73386554506833
"yfdX" 88.6376508133621 59.9090324206656 10.2300140531333
"ypdI" 1614.10269667513 1126.40435403455 276.665976865142
"lpxP" 149.695809287747 145.895943133996 137.446426963902
"alaC" 128.486357722611 68.434136043702 33.2667821236192
"pyrS" 87.6134309563871 57.8636996224748 29.0465269546969
"pyrR" 180.080389451202 125.92684343563 66.9722632375207
"ypdC" 117.807372488694 82.6340321412508 47.9869008229264
"fryA" 72.547503294192 32.5751983745555 10.528087703184
"ypdE" 87.5877962659009 37.8818385045672 14.4462581996419
"ypdF" 65.0442814226866 25.1760307830253 6.64456294483924
"fryC" 83.5507341561983 34.1042835041152 6.10476002397331
"fryB" 303.38863945838 146.057792200015 22.046371431484
"glk" 222.597468816438 158.917916386673 57.5654172265076
"yfeO" 140.950632613004 91.9011364742705 39.526699349413
"ypeC" 450.983112708403 258.989074828892 336.207164330131
"mntH" 112.983229490455 87.9579925032287 78.7176943254363
"nupC" 104.098104365307 79.8282724330127 20.176958052552
"insL3" 195.609943344609 151.464376689506 79.8983042731708
"pdeA" 71.5521153181062 36.1122765048396 20.9001685151758
"yfeC" 379.500267037569 205.399558196143 88.5303382928848
"yfeD" 344.174397547201 209.71385936662 96.7550482726958
"gltX" 228.000719402645 198.446729954938 217.254782534815
"xapR" 158.848726718761 86.9443046940409 25.6381269397004
"xapB" 65.4922131333151 34.586449210747 18.418904118604
"xapA" 78.7800048798471 42.6199901471684 6.97271080237475
"yfeN" 112.050111421804 68.1995958465545 13.9804098291309
"yfeR" 94.641640351023 46.2715844578459 42.2688334529572
"yfeH" 158.269359969445 79.7711397682688 43.7964364980345
"ligA" 312.026829032213 314.300439665339 51.5149780609047
"zipA" 357.819091545317 359.891749860788 211.344832464715
"cysZ" 193.234854482224 125.815072103651 36.3512735653329
"cysK" 1065.10279223994 1833.71973246981 8262.06523757967
"ptsI" 1489.69573431373 1418.94133347035 670.67194497135
"crr" 10181.4685065419 8252.83188782554 1464.11256702029
"pdxK" 80.9953437695304 48.1516238737299 24.121297979699
"yfeK" 120.048421566557 197.024003956166 38.8840806224346
"yfeS" 80.0357286449786 61.7166212877595 123.576435513584
"cysM" 153.606187628972 137.02559480034 381.505084367431
"cysA" 170.575368235646 258.850020818218 981.881753802658
"cysW" 158.511666060883 208.457213938746 581.947800447462
"cysU" 163.649285499199 183.197215713232 435.794425148423
"cysP" 183.64456219717 265.643879458693 513.342467063732
"ucpA" 650.676236196623 704.58251273116 61.8867880770699
"murR" 126.939726945182 57.3984893915277 8.25821083929433
"murQ" 112.989993921414 48.9209813559024 13.6283196718741
"murP" 84.7223492818681 39.8219380114182 17.0441632300028
"yfeW" 67.7069713800683 32.3353269467913 15.6534391980385
"yfeX" 212.632986228188 214.641290174615 148.381022465348
"yfeY" 198.877381715771 180.865719379254 60.6684235669411
"yfeZ" 272.921967974881 203.167095269728 36.3997216420367
"ypeA" 290.072649654718 293.295762596646 44.595597448015
"amiA" 123.545459528977 95.7172492571141 151.444178775699
"hemF" 114.849116959527 72.8825055653938 82.8512882120158
"eutR" 91.4384309882825 47.8530060372363 33.9192232674681
"eutK" 185.114183058367 117.951436961348 55.0679745375537
"eutL" 95.8787319979383 58.0278201591141 35.5163410210965
"eutC" 144.176099024251 76.0063162290235 44.0166406627128
"eutB" 111.464344147679 73.11979599185 96.2716731746708
"intZ" 117.36199306446 66.8636099126382 17.7910659235762
"yffL" 198.801449505908 103.445433035782 74.3243632638382
"yffN" 221.194052346211 88.8977702656566 21.0369882583566
"yffO" 149.888524050689 72.8233337569745 21.462064889119
"yffP" 242.461697858338 105.660385860856 14.6623662054261
"yffQ" 316.601477794691 185.178087456596 35.778212443742
"yffR" 385.343583856675 216.454661989119 101.59280068633
"yffS" 189.663185695156 112.648687403814 16.72895441998
"eutA" 67.8581676284469 34.4407728598703 16.0653680325711
"eutH" 125.451911573556 61.2355790430818 10.1169227188624
"eutG" 96.6036064145984 49.4795262011326 12.8491242724438
"eutJ" 120.583923309401 48.8941780009981 11.7926570672301
"eutE" 82.0787962875728 40.7262139067967 13.6027933706441
"eutN" 827.908291975288 399.847791598857 39.1824222751012
"eutM" 826.236285709703 550.813742205515 50.0513882969528
"eutD" 118.871264140195 53.5194286556484 11.8395680871842
"eutT" 80.1161848818556 45.5217215002302 16.9113094816839
"eutQ" 124.823970234369 60.5342841500353 6.61847960492633
"eutP" 127.259753734534 66.2253258344677 8.93690929479465
"eutS" 213.798382586478 100.578987159134 11.4562438259165
"maeB" 302.042118808239 321.482382164143 60.5149409623439
"talA" 854.571564285627 1178.43926525218 397.890836209138
"tktB" 566.440273436125 817.186835613662 270.43876981516
"ypfG" 109.760694531205 70.6565646905633 74.7551259296142
"nudK" 174.320348495215 75.4128691529418 79.0781520975992
"aegA" 84.2890582379308 37.3202254942236 10.7835173939396
"narQ" 84.7792536298482 40.2493277665813 38.1202781789779
"acrD" 71.6757475958622 33.3103818961648 17.1200744134015
"yffB" 770.924263422991 504.573573472606 71.7374356736921
"dapE" 251.732925838721 195.503913439223 63.8712745832818
"ypfH" 193.618553558838 170.928618913769 166.879253128396
"tmcA" 106.122693197447 61.0547946477976 65.4462202705401
"ypfJ" 308.679143790395 339.653932232424 201.994982592631
"purC" 155.210499741799 87.1965134676934 231.762457868756
"bamC" 200.65401874886 132.528447657318 393.100169726894
"dapA" 339.305990517126 222.580266892531 495.248800992155
"gcvR" 311.480640299875 252.745481110208 198.073917169004
"bcp" 388.767907100551 187.483235922503 183.034347217092
"hyfA" 96.4575774822777 30.9156441333233 10.365114095158
"hyfB" 81.1164269790459 38.6188154643914 8.63491909884096
"hyfC" 92.7034192836016 40.6998025623454 3.69109647030408
"hyfD" 99.374655214196 44.6571716291317 11.2570186861879
"hyfE" 99.2060052626005 41.6848008380387 5.770566730922
"hyfF" 68.3499884398085 31.6839612905619 16.1590496109134
"hyfG" 86.1465824521757 37.41711716512 14.2113433111498
"hyfH" 147.91569239123 50.5063341620051 24.4502933414886
"hyfI" 106.174381853829 45.0919982542263 17.6162372533098
"hyfJ" 223.894601457136 103.314942043349 19.3406996526705
"hyfR" 84.5079126506157 35.9430706234037 11.2713431945459
"focB" 141.490785647436 73.6848965242196 35.1181183779585
"yfgO" 137.38771992493 70.7879690303278 79.5987488973713
"bepA" 193.788547587452 275.519723396315 71.9984508955482
"yfgD" 629.289537891338 749.27226447437 248.440109582469
"hda" 130.014669986689 67.90561764432 103.488953822484
"uraA" 87.5629143510778 35.7720630339172 10.4131066169856
"upp" 119.695807212653 63.0003398460964 27.0945685747212
"purM" 107.098539344363 53.2119470632716 23.5611592065589
"purN" 179.041839784268 89.4097307650518 36.4013936865342
"ppk" 137.019072350703 78.8342697400019 103.628843918063
"ppx" 132.428848948476 84.3498856331868 81.0420557674179
"pdeF" 64.5420656199977 30.6630554884347 10.4376840938361
"yfgH" 66.2735522675972 36.3120214747963 10.6733165872695
"yfgI" 124.151796915195 64.3172351503363 24.9624662146254
"guaA" 191.517519587849 102.142791926857 97.6832085070346
"guaB" 104.749259132176 54.4282227643117 69.4857265416238
"xseA" 188.690821765557 154.894763938094 401.301697400574
"der" 313.772916794373 281.754765278219 236.748486826576
"bamB" 315.938854590526 298.503222556984 282.514338030302
"yfgM" 427.42042012361 365.700493269464 396.900146734211
"hisS" 308.096773012043 274.688506002247 254.112928332264
"ispG" 444.546789887676 415.074692402004 358.062911876748
"rodZ" 574.562697813039 579.294990765538 286.867306934028
"rlmN" 223.881870739129 257.087215249469 134.991002676696
"ndk" 329.550904306721 266.216784844427 73.3388054333412
"pbpC" 78.5370827129711 38.3101703605028 19.5208878665817
"yfhM" 132.945723787965 117.370447653838 71.4579722239112
"sseA" 1002.21991409251 1105.05671919183 56.0180925076682
"ryfA" 102.745921544437 88.3153600336837 93.6284935930698
"sseB" 141.351536791336 140.666621421451 262.888626599281
"pepB" 236.078345267579 299.401104619023 300.989108071938
"fdx" 1375.24365015086 1246.65007768295 3767.46761246572
"hscA" 352.973034631592 286.963361343622 865.71456603138
"hscB" 599.193214006761 449.779398229191 1661.96672724586
"iscA" 11794.7780773389 11229.1415479225 11293.5153717796
"iscU" 6538.01712830567 5780.32559792358 5758.99011316497
"iscS" 2251.64923960598 1927.87246235271 1806.87173492722
"iscR" 3318.37752475476 2561.87375300181 2665.10673321054
"trmJ" 424.934375488036 324.214241569137 699.672879583677
"suhB" 110.235051378793 55.6779621536681 68.1354208102625
"yfhR" 102.982036660635 46.7477500901473 17.7203484531365
"csiE" 301.900746690376 336.756159667651 47.6633633875073
"hcaT" 125.824404738716 92.944986935603 30.5901709133
"hcaR" 151.625294215695 138.003395793139 19.6825203758252
"hcaE" 90.459507739406 45.3199713543618 54.6472582243075
"hcaF" 121.993991116787 56.1880753346849 71.1554439151301
"hcaC" 362.289951823723 149.224584758783 182.06126187274
"hcaB" 113.772628081693 53.6986451270176 40.9952381874653
"hcaD" 89.5081587034282 45.8699104687075 31.2600758560665
"yphA" 425.68218959573 460.318957790105 140.136836303494
"yphB" 149.666562030721 76.2623766949073 26.1348052436591
"yphC" 146.782915836546 69.0674281163962 11.3474107442793
"yphD" 103.44402612382 50.6906908226457 9.04885051612284
"yphE" 116.85420463337 54.5932536288391 10.5057564430091
"yphF" 96.9906073648426 59.913357973992 9.60406335192741
"yphG" 81.6331964219597 38.7194902151977 10.2011302146843
"yphH" 115.506621098691 58.6557305325808 24.673585722419
"glyA" 274.294050695029 224.203051932464 132.420456966719
"hmp" 120.805032545839 52.9182382801011 62.0252778541818
"glnB" 737.778390236411 505.007795884745 241.607584180565
"glrR" 138.946338519405 75.0508044591624 46.6555695309346
"qseG" 148.713316031677 93.0676004094084 69.1478382516138
"glrK" 104.976471032324 64.4282470528239 45.0286827051218
"purL" 77.9245946895062 35.5037528497938 34.1121863316182
"mltF" 101.434466867932 46.546185070017 18.526596201127
"tadA" 203.895762100548 99.0377818651642 90.5009245510175
"pgpC" 214.183438194912 156.078794990682 104.416695163015
"yfhH" 99.0250059446017 49.2349081320922 56.4155579103979
"acpS" 223.620240804534 109.632241043864 130.21566750587
"pdxJ" 248.115366181788 151.406899634006 192.871438974886
"recO" 203.117413063675 155.325421151647 162.307903672182
"era" 401.532627133496 464.821590089952 348.621294139826
"rnc" 436.510566318053 486.478549426546 329.82342349783
"lepB" 506.640713947719 570.153422904996 234.68201104847
"lepA" 335.529402522967 347.562940587843 170.984259248063
"rseC" 1142.35513313266 1041.13420410513 460.548725658417
"rseB" 1189.10297195784 1611.16352645738 396.031235492079
"rseA" 6514.62083008941 9188.08801017353 1704.01441113109
"rpoE" 5292.2135958835 6875.08775169826 2002.47638063021
"nadB" 104.451083317063 45.1565220051021 61.9642400713185
"yfiC" 168.436142462677 86.3133583310059 40.3800820303796
"srmB" 139.047907480311 94.2029633504504 87.0737634561294
"yfiE" 179.808801691989 116.856346829649 186.978428177975
"eamB" 173.931695910573 97.9580470835842 39.1288121995932
"grcA" 521.18367698184 547.582495278141 2896.07872422606
"ung" 155.497763799193 82.897106863227 61.8223640861353
"yfiF" 177.000338287341 116.052722642754 69.9955605625508
"trxC" 528.768752581715 487.05767602034 243.985954781337
"tapT" 107.510559302594 55.776707224493 43.6127267703976
"patZ" 528.939960718707 749.029009509474 32.2214083668084
"pssA" 446.804869187751 551.944531280498 356.71210194089
"yfiM" 635.420484655709 755.974532881924 3097.2887306933
"kgtP" 938.976573681211 1430.13043232284 1897.19409317999
"rrlG" 146.770976567102 101.433596462434 69.7832933080049
"rrsG" 132.003032713915 89.8042042852416 53.7139206830561
"clpB" 822.207893872887 1427.58054739416 3083.3033448983
"yfiH" 224.738825151601 209.752928636613 104.613017338717
"rluD" 275.824647770419 277.844748187384 96.8076258343297
"bamD" 380.981071214765 354.752032566193 186.026860664093
"raiA" 43947.1514448991 28042.1465046283 593.443726358186
"pheA" 174.155190461419 198.938619742376 70.0225734290087
"tyrA" 144.28815478712 130.444650411984 117.751020038905
"aroF" 174.910838212853 220.575360048813 171.142735340556
"yfiL" 560.4300555521 535.525958577963 128.390031574481
"yfiR" 154.497580445481 94.4112558344705 162.132761492332
"dgcN" 96.8836544825479 49.3145095787879 38.2502831562471
"yfiB" 162.324846926688 85.7703032535682 84.6724933597892
"rplS" 1773.89317099389 2150.1067869856 3381.56613941447
"trmD" 644.673101327885 702.042863206141 1093.02892922324
"rimM" 930.463860587518 1039.97360793433 1539.79570014075
"ffh" 451.603982777887 332.07829108768 312.791656205947
"ypjD" 117.035485841614 77.8954080934686 73.9133703754479
"yfjD" 115.248896516894 66.4774685417243 63.1821790743579
"grpE" 956.431231902729 1292.19396265686 1062.42712964182
"nadK" 154.743293647176 94.6404284424935 78.5150538158292
"recN" 108.942400725704 92.0822864880968 203.541977165728
"bamE" 1734.43901189442 1364.14634088017 976.359858275679
"yfjF" 439.394360524035 181.145274018044 389.253384739886
"ratA" 183.958210966931 116.024479949545 141.891516420098
"smpB" 281.003435918406 210.648309545033 188.749099781197
"ssrA" 1207198.05443748 1444896.59359276 2816116.67691688
"intA" 156.55891048811 117.286306751649 67.0140513235948
"yfjH" 49.6700015958145 32.8173782386402 10.356264753788
"yfjI" 43.3886386367478 22.0125762200309 5.01625281615418
"yfjJ" 53.8928883221148 43.6156198934513 12.6441320015366
"abpB" 75.6246467828521 37.132397310061 14.9784541025427
"abpA" 79.4893492200936 44.8484378237922 44.2287838005832
"yfjM" 7466.66659085242 6824.85981942672 1034.73519676123
"rnlA" 194.254772023867 215.886178066013 176.272083657581
"rnlB" 856.089718475878 1036.87233190123 652.713602455595
"yfjP" 138.155164531846 69.8903283632106 11.4920559024254
"yfjQ" 123.804923291062 59.6820010128704 10.2052044987019
"yfjR" 79.0963771782135 40.4306473474405 19.5545988327369
"yfjS" 221.193492358369 96.5648157537802 19.1275081141676
"yfjT" 215.598358313762 148.735120203799 72.3506329350348
"yfjU" 442.150736094458 317.275926087378 232.784769765538
"yfjV" 70.0593062307714 34.423017293806 18.2249995764131
"yfjW" 25.3279952644712 14.4568918460913 8.46398609931678
"ypjI" 2437.54418502565 1534.39384621159 80.5181629058693
"yfjX" 211.079218570751 106.670150394627 21.6710572357896
"yfjY" 127.996329449745 65.3276403019408 14.1120822266315
"yfjZ" 510.129687699619 225.281735196813 50.2518872936218
"ypjF" 230.672805485246 132.446111743558 38.8318661028619
"ypjA" 92.1013215123287 50.9846518736034 23.9108859587635
"ypjB" 27.7189308572244 20.4011783101942 2.75609177671162
"ypjC" 29.9148509441933 22.6646915333264 3.52802055665788
"ygaQ" 24.9224177402675 18.077598912946 3.23866009219372
"glaH" 4125.61607865683 12612.0850813269 33.706403989228
"lhgD" 1200.97750502328 4244.95215315459 46.6323635745366
"gabD" 1054.35727758333 4413.97345971266 61.8424548317858
"gabT" 925.914511103528 4390.75996834292 64.8641914970483
"gabP" 143.154481547861 438.204234353838 16.342515661285
"glaR" 178.398984892678 339.927395586588 114.994207283735
"kbp" 1984.73000761479 2138.73844506308 904.498743444571
"ygaV" 899.576353432554 600.604256984234 75.5446132950849
"ygaP" 341.179522816599 215.148840679564 63.1213071646012
"stpA" 436.407581158744 276.565681570626 89.0877477256769
"alaE" 101.913899433658 69.9855803756905 1102.293457273
"ygaC" 420.806418551862 277.407449287894 427.896635082274
"ygaM" 8031.17971750674 9379.20019575305 5535.30600448067
"nrdI" 131.939066409322 98.1450404168555 247.651103241788
"nrdE" 73.3764892361217 44.7044092229452 64.6201942306119
"nrdF" 112.331342436991 57.183689531695 36.856869604998
"proV" 92.6345756309737 70.3199310830072 31.5442583638489
"proW" 124.2595586524 79.8288100248643 41.8966949646137
"proX" 101.758500655429 54.6033401152123 28.6439470031264
"ygaY" 82.7879259499611 39.3930451495311 22.3278905686914
"ygaZ" 138.49701809007 63.3928253770788 152.887345066747
"ygaH" 244.1346395751 169.396188899595 186.573113736356
"mprA" 123.844328386276 58.4321355410533 285.92624420292
"emrA" 91.8527256186881 44.1421072105803 46.2191738390074
"emrB" 89.6312280499907 43.6600304284581 37.8869013509849
"luxS" 787.962565817872 607.956331914263 598.883772731656
"gshA" 243.611076444643 197.498576455325 163.013346462431
"yqaA" 268.074167734033 166.943928974412 139.188924031141
"yqaB" 186.91477716326 123.379767625336 72.3100836506052
"alaS" 136.693904392937 87.9230935922321 142.825521706676
"recX" 190.558717854202 169.734994651696 100.867082073737
"recA" 686.393950586294 690.05980226613 754.769688181992
"pncC" 174.128165037932 91.9797285890012 69.5418304964081
"mltB" 120.173276043135 55.6020395492406 25.4438142034088
"srlA" 187.683413130931 134.689545219467 9.12611112167201
"srlE" 201.72836912643 129.015417761164 11.6490624140149
"srlB" 192.742485188284 174.743746390921 7.97381364256398
"srlD" 158.811240651759 116.132566299516 10.5068725162961
"gutM" 283.947718316823 133.048346028159 50.7020631800958
"srlR" 138.139346178285 91.1911862078664 25.9219645241199
"gutQ" 145.252969575146 82.3915383727039 31.8124674146488
"norR" 96.4786733395746 45.7517036683685 25.8810878105381
"norV" 106.684336556768 51.9191789781681 19.8987704048776
"norW" 87.9573926343341 35.9679348440436 17.6211114976784
"hypF" 111.740070747573 56.7024140766723 20.5115139172269
"hydN" 123.193342143948 65.3687020715722 24.5792445915127
"ascG" 165.772511884488 79.281205319904 24.5791501154369
"ascF" 100.615094071512 58.2907380021893 22.2895769110735
"ascB" 150.888254805097 76.5156133765041 27.7543468812885
"hycI" 417.795910830727 289.917685624522 106.718331258779
"hycH" 192.834020136701 83.6538263955745 26.564651212787
"hycG" 93.3249252756178 41.1823705035146 13.8988803380115
"hycF" 218.24211150506 89.1538228760532 11.186592630468
"hycE" 82.5211357621903 36.2641436343953 9.35539396791479
"hycD" 114.149224273639 55.5398041955245 12.4758032129111
"hycC" 74.1981767229838 33.3650737644388 8.65972845997552
"hycB" 127.597078049906 53.6251977372393 13.1732782595034
"hycA" 114.257274810678 60.8832212606798 9.70869953963802
"hypA" 269.984354562558 135.442823654692 16.615682488421
"hypB" 111.893572565825 58.2425746066589 18.2943636705613
"hypC" 1086.89334783454 790.654099346746 145.805263001531
"hypD" 98.9368295774722 52.2464550729858 25.0104409317463
"hypE" 105.57091546328 61.2985478218462 41.3214697592853
"fhlA" 101.786120894701 73.9840020619762 25.7923299810387
"ygbA" 419.989124219713 219.467928574734 139.701007940497
"mutS" 77.2008436720414 42.3726984984937 17.9996619232137
"pphB" 72.9347005130055 31.1000961516926 9.36310808325467
"ygbI" 130.955943531915 68.1840190883662 33.8293502566695
"ygbJ" 81.1130426191419 40.1130338000677 8.64476591950953
"ygbK" 108.352325918499 51.3877591473084 17.427577805738
"ygbL" 103.215746606712 45.0958700360175 15.7506030374427
"ygbM" 89.5860263072144 43.1352190518968 18.2991102828911
"ygbN" 104.244881286265 56.2507792409727 19.0567064995809
"rpoS" 2944.73904166112 2328.57692304134 977.907999597181
"nlpD" 873.077427753065 813.324626642512 394.476233867033
"pcm" 277.503712244259 218.078099467256 176.656587107183
"umpG" 219.347672655498 188.526022105315 102.420376614734
"truD" 154.543063799961 109.295479084451 94.8572869366396
"ispF" 110.358067691666 77.0376239298909 86.9859171360012
"ispD" 197.909027119923 101.350472541202 72.2556241586205
"ftsB" 975.987334387762 707.565478359417 584.135752018075
"ygbE" 489.445508451021 353.524624980274 802.575125640379
"cysC" 148.131667961976 135.970648671993 377.428086348789
"cysN" 145.826620490138 240.340973953597 566.764082824162
"cysD" 175.688830901212 332.148075329348 612.131758205269
"iap" 109.204015216139 58.2797515454879 150.997794039115
"cas2" 1560.30462563953 822.436478378776 261.826475725001
"cas1" 107.223720310104 54.0993657409727 25.379966510088
"casE" 101.570893275814 58.1437160234231 29.5956760533482
"casD" 122.686103809855 68.0581483794186 27.5298095029128
"casC" 67.0687077806932 40.9855949193746 15.1248588827971
"casB" 118.678588991717 64.4388288692612 14.7000856527412
"casA" 46.9414061577132 27.6776947907028 10.2084878980695
"cas3" 73.7417989561096 40.3594292543398 8.44058568550306
"cysH" 253.906449494414 514.097377326318 874.562483532643
"cysI" 213.315368550659 478.45623469816 1000.91062875036
"cysJ" 197.432788089259 450.885551329189 853.351032634977
"queD" 327.779202232501 161.223484008506 62.3951555315237
"ygcN" 110.699993403827 51.4014817056182 7.94786293181111
"ygcP" 99.9575014188832 47.5633033661707 12.1336847133882
"ygcQ" 131.030713671874 67.6143753740819 12.659276139667
"ygcR" 145.787038376086 73.8162880563918 9.48181178299892
"ygcS" 88.6254109401538 43.8632189086095 3.35886498551165
"ygcU" 87.8024779200453 42.0352793955942 4.60379203687185
"ygcW" 71.0229776975791 35.2664703578182 4.05403695301977
"yqcE" 87.09392523816 46.1624205806372 5.92598473293336
"ygcE" 72.7277926792857 34.6619681056197 5.83468850510489
"queE" 155.934094431316 158.684978898592 104.460571549777
"ygcG" 37.0602915504642 16.5717822775853 4.35580087394319
"eno" 2339.29698154938 2535.41654580075 899.818692133316
"pyrG" 695.941553256897 746.216695212875 326.050789106089
"mazG" 253.782211403921 172.668154607189 239.028323180261
"mazF" 599.502221441816 367.907347766307 540.080066078923
"relA" 104.633433633209 67.1383701955427 50.9956838131536
"rlmD" 115.580083013788 71.3806786526134 39.7602717655438
"barA" 95.3025045752688 42.9242148092684 14.0109711668688
"gudD" 124.842151742475 64.3361619320351 16.1276967511422
"gudX" 73.6326283335472 33.5349965878031 8.31196678712712
"gudP" 118.875755765324 50.560507029998 11.4115771987274
"yqcA" 467.537210961188 268.452151590336 143.538524965767
"truC" 115.918281119486 44.3367693770247 17.5821014449377
"yqcC" 197.719547558782 103.653478755828 26.4762723428604
"csrB" 1113.00825430571 4505.37565593782 4063.64489857256
"syd" 164.350769323589 107.931344236613 73.8122063139278
"queF" 96.4288447400615 64.6417501326109 38.5166459629223
"ppnN" 302.063129945131 246.932897777329 119.438211436864
"sdaC" 63.4990141601642 32.2331156214709 19.2642472414234
"sdaB" 73.0201176079673 35.9171010360105 16.5843357237332
"ygdG" 111.221977001897 54.7173517401642 14.7678528645614
"fucO" 145.185444165668 103.530248708217 19.7364913044427
"fucA" 118.279037996958 80.7072536397913 8.89269915119212
"fucP" 98.0310789367086 49.8620676428603 8.62641425786481
"fucI" 117.815084423088 80.0191161089835 14.7982194439614
"fucK" 108.147080998181 66.8839560783757 9.2604929339995
"fucU" 236.340900217188 130.474512539182 31.0530489536152
"fucR" 150.905987640416 87.4144807279202 20.8662083101485
"rlmM" 155.943354626191 104.294901812372 99.6553885655011
"ygdD" 198.069560729278 146.449976262225 127.868086534403
"gcvA" 126.975458261966 71.7828149305428 61.9271182846147
"csdA" 129.623214500364 70.929775096445 104.957973969953
"csdE" 322.871146103748 224.418789684763 215.361572840998
"tcdA" 136.787857075209 73.0473011932604 49.483861642992
"mltA" 101.51123900349 58.450004700888 44.0936160184728
"amiC" 105.016064262894 61.551766246711 43.6906599360664
"argA" 84.7419632792553 83.072152066473 702.405827506792
"recD" 90.7098836557042 46.6859695046666 101.773244376148
"recB" 77.104117210776 39.776180209562 24.0329629859108
"ptrA" 71.4998302325216 36.9866248356956 21.8066251815757
"recC" 95.5341932616803 57.6084437411513 23.1668044957084
"ppdC" 535.814030304274 369.30697430975 55.5481590538687
"ygdB" 128.704193681586 79.9914051256621 29.7014161332274
"ppdB" 195.233895268381 115.819995406112 14.7756084827071
"ppdA" 160.172377725427 90.2174969852646 13.6500191144949
"thyA" 148.433837355562 91.4733068815278 69.517177054226
"lgt" 140.071830188029 88.2180682644002 42.4811057309879
"ptsP" 96.035085936383 56.9233207371804 41.5525535339132
"rppH" 238.41041718661 159.592770196502 200.342878591162
"mutH" 165.661016335088 91.1638543620529 73.8777250829315
"ygdQ" 141.734859454139 85.4569321516295 142.104667593359
"tas" 152.54970152911 131.255694051509 105.021640856576
"lplT" 120.066092984165 65.4074692989211 31.2723353923683
"aas" 77.1062830285606 45.9573428351285 19.1061523043142
"galR" 127.02803735839 89.377355394916 36.7406281121429
"lysA" 92.5338145270776 48.2291120777322 12.2953790279351
"lysR" 91.7651983595189 40.2572083913129 21.1522190362678
"ygeA" 155.176253490989 75.9355537607694 25.7881265718743
"araE" 80.0740582303606 37.7337693758561 46.0709523466475
"kduD" 125.123920413603 72.9334246100854 27.5951273780629
"kduI" 122.476920535608 65.1352511132177 23.5853141344603
"yqeF" 133.591154389019 84.8559496630861 13.5133827805012
"yqeG" 57.9728392321204 37.6838849355663 9.80951495516046
"yqeH" 41.3067181161543 31.7858180198359 3.55548228065754
"yqeI" 32.9676322779015 21.1664731109077 4.84897229564638
"yqeJ" 22.0683326637491 7.11049146143572 2.35201370443859
"yqeK" 29.0072649654718 29.3295762596646 3.12951561038702
"ygeF" 14.2635845571417 15.0773286368254 2.28237751397742
"ygeG" 17.4398077921681 11.9571229794441 1.13161623698668
"ygeH" 11.3388100787485 8.46588604953267 2.40167527645089
"pbl" 13.0491325017041 10.5969373921546 3.78598980271804
"ygeK" 45.7846744935333 18.3419203107739 3.54213113225325
"ygeN" 8.5542999645193 5.52164324474009 2.67770342328634
"ygeO" 61.4427098889341 25.0688412204848 8.34869100721143
"insD4" 163.656245501147 100.138904137606 78.160646017114
"insC4" 530.443945568686 406.358605892784 190.785187106005
"ygeP" 711.934660078524 623.704420714396 252.783898333552
"ygeQ" 169.667838847967 96.4527006029013 27.9065370253524
"actS" 250.194387869614 157.784945199819 75.1817964014032
"xdhA" 201.1836149972 102.181239639463 18.7011203501584
"xdhB" 167.800310442947 91.6132093508984 20.275865545846
"xdhC" 364.380466747709 179.303943415769 41.7055767090417
"ygeV" 589.995947999921 470.93301360704 31.8376161955609
"ygeW" 155.052672840387 104.67227531804 11.3689024373095
"ygeX" 172.471868540931 85.5982412561848 24.3091366987846
"ygeY" 208.521000915426 97.8053470783797 16.1870511472793
"hyuA" 166.976759556119 64.4730518334273 17.9885389340616
"yqeA" 218.589946308797 116.183435761688 37.5273028791313
"yqeB" 512.396290474605 489.79008531417 15.6292177465569
"yqeC" 753.542243975309 806.243662445695 12.2539608200929
"mocA" 3607.06547604229 2864.94275079954 57.2073266782854
"ygfK" 189.517971629879 146.182711757212 22.1885178985304
"ssnA" 155.558120846372 77.3157520654297 13.6733413689649
"ygfM" 167.213951797354 93.1717157729777 16.1447065494306
"xdhD" 154.688423072294 87.2241489422684 25.1521486525631
"xanQ" 149.852886433121 71.3074660315743 20.5751096455028
"guaD" 187.060467378065 85.9657387945783 28.2099823595504
"ghxQ" 210.29005529744 99.3054501416431 29.9002257208913
"ygfS" 302.755986572818 151.869226026623 35.5271162027638
"ygfT" 178.816167673393 81.6707056421187 18.0529474106018
"uacT" 215.242419322011 99.90338548933 13.2035898089762
"idi" 502.677427122283 463.161386285433 157.998016681109
"lysS" 271.301044198612 190.790146600639 543.386945501239
"prfB" 385.647129692704 299.183835021944 549.401266117475
"recJ" 286.489982563107 183.241692435771 192.913804004693
"dsbC" 445.96146747586 384.606436835621 305.832988785671
"xerD" 333.311909230999 221.382921958672 180.52281903821
"fldB" 395.166783062147 222.91784949427 375.421946604403
"ygfX" 464.518584092161 244.007395467356 456.877665814056
"sdhE" 10627.6669823263 9188.10466434742 5364.01906982938
"ygfZ" 651.770158899566 558.287454158017 348.099451515395
"yqfA" 1047.29076490056 1286.48911927227 756.796799328037
"yqfB" 774.861961791584 555.106618381421 440.987860219177
"bglA" 215.774391023748 121.116927166112 80.9595687329877
"ygfF" 285.293815047351 132.14182118689 46.4878973063082
"gcvP" 151.7964819239 79.0667064521658 34.7505397885911
"gcvH" 467.560084389769 264.438509701978 98.8826213570328
"gcvT" 247.693735847147 133.962949310302 53.7102411655888
"ubiI" 239.807757664683 127.36997918304 326.951975203677
"ubiH" 262.23281387036 179.4879290806 652.931744085511
"pepP" 530.05892564909 420.474676004895 756.779185921098
"ygfB" 749.644686700277 530.958231323121 1004.03003778846
"zapA" 13388.4379346947 10985.8291164684 8334.73053353243
"fau" 328.68824993925 189.988595261209 1116.94551676877
"serA" 296.601115368995 173.964843245124 820.373430034626
"rpiA" 367.125401154499 210.62864083287 348.856770216564
"argP" 227.911393113889 125.371472715995 104.271060895915
"scpA" 134.76487012822 56.7161079627554 27.17471744135
"argK" 201.499903819511 86.7941143892448 19.0793714315119
"scpB" 103.004084614033 53.0872931450137 15.9627705025153
"scpC" 144.649489134294 57.2851640719915 26.6414078912337
"ygfI" 217.921520901542 154.658418906793 67.9319319028805
"yggE" 1587.3149921357 830.645094855614 397.163996124436
"argO" 171.753611903925 80.4042277224726 75.4904485300178
"mscS" 538.116426050514 356.780708891393 389.106171871871
"fbaA" 6401.4303474011 4787.02807519714 1611.49647046392
"pgk" 1777.56330775341 1790.48995305339 579.968699066404
"epd" 468.86521671269 358.108416335292 264.203444698757
"yggC" 287.31990184761 162.650853051957 235.571448958888
"fumE" 376.119541049229 196.062189694454 321.967980961702
"yggF" 205.581678983354 104.316066380356 14.7700741568012
"yggP" 174.080591947702 86.3246942514219 11.0618381681423
"cmtA" 169.04732350002 80.6167778315217 12.8319807684526
"cmtB" 218.220461547101 102.49896644256 10.6263933967598
"tktA" 219.914502905139 119.255870009089 129.052188082251
"loiP" 2113.4174895193 1952.00887179479 115.306280203483
"speB" 580.112567780664 686.367315296027 74.1806451408119
"speA" 505.092257606302 456.82553774806 261.211858383202
"metK" 154.216176901504 93.5863524462729 2711.04436085183
"galP" 218.849440510226 105.704971256471 37.9390157045583
"yggI" 389.146585190313 171.473521170446 70.093749786062
"endA" 250.202893624086 114.152110904043 43.3427114728132
"rsmE" 262.696772962994 162.281428337 270.978732243955
"gshB" 337.592909434826 245.847058243068 383.963689778872
"yqgE" 540.039246211987 360.473468848236 531.921905377455
"yqgF" 384.132915125255 243.166610110245 573.697503766835
"yggR" 252.649924481635 104.32851519044 26.520096732393
"yggS" 218.256739115067 108.712451524578 84.5719283021289
"yggT" 400.175637202866 190.384967797843 128.264315046907
"yggU" 1925.47610018256 949.335417539006 580.275879102979
"rdgB" 385.124721159601 189.715146601705 154.549265408545
"hemW" 201.58472186656 96.0726816130948 83.8359891503649
"yggM" 152.567958933428 56.0098590037096 17.8818038994659
"ansB" 146.668212789103 146.283997982393 42.677147756774
"yggN" 479.739167750065 829.862049901255 102.965976284123
"yggL" 2202.43752860867 2079.4413508064 1368.71222637129
"trmB" 393.291119700054 294.217964937838 195.51966283165
"mutY" 275.692377768887 141.321734712566 66.1509229892909
"yggX" 5558.12754681173 3441.02793519092 745.795241984294
"mltC" 202.820495934841 104.807885948878 58.1131223141364
"nupG" 353.197972165453 250.405892285809 27.5611339001009
"speC" 178.880579369288 85.9024703957765 19.779740102928
"yqgA" 228.01140890694 125.611396168541 74.5138395868225
"yghD" 295.987216045543 130.750607387061 33.7942375689687
"yghE" 201.543774566031 117.17636897353 144.360166504974
"yghF" 182.062136956215 61.3452228244971 15.4452054445573
"yghG" 196.458719763331 117.247095263089 17.9954088860815
"pppA" 138.225735333852 59.3737508450037 20.8505808712795
"yghJ" 136.725988271226 62.9742388961987 25.8577404742291
"glcA" 376.245013829979 377.280775131269 23.9718276374391
"glcB" 325.730158897473 268.039473228179 54.2174085810803
"glcG" 769.375995157023 627.248220733379 115.81407204338
"glcF" 289.970125360665 224.140213133536 47.1265647121627
"glcE" 247.737556246868 201.479799445091 35.1004897494197
"glcD" 308.347076683377 269.257305779109 39.8299939365418
"glcC" 847.514163225154 656.201268918997 62.7799535723237
"yghO" 176.529457048417 99.6165402331676 17.9007593916156
"insH9" 327.324032856603 228.210081065327 110.160401811478
"yghQ" 212.456731763797 93.1937024989336 25.5092237259945
"yghR" 274.302062809995 112.729995635566 16.0147611393726
"yghS" 236.786250768884 96.9816583705517 13.4779684727722
"yghT" 184.192951298247 88.4774620395751 15.3500753404014
"pitB" 176.009653423778 77.6795413132652 14.3950793303262
"gss" 247.615054776739 140.058421596114 586.758331688041
"yghU" 451.821749326678 376.804709439129 135.25096122957
"hybF" 347.958443744252 159.191224698764 184.593035705246
"hybE" 232.558620600888 112.495722982684 161.591076922248
"hybD" 412.271285104933 232.273654735323 225.74607489352
"hybC" 124.901039334049 64.646855991012 47.7145589994452
"hybB" 211.734877352507 103.789913590215 27.4059316561903
"hybA" 191.07719750027 104.279109134494 49.2954004356341
"hybO" 168.945577283593 115.527975469546 56.5854754076011
"yghW" 1604.31989593297 1102.3840983333 387.905980523501
"yghX" 686.834875432364 604.363608543585 72.962056585282
"gpr" 1952.10484239037 2006.06659321995 47.2854369925204
"yqhA" 444.843508533086 345.670411765816 155.898898255674
"yghA" 671.917881445142 504.624113269587 178.61228434658
"exbD" 423.242366087111 227.453856707603 3163.15790319868
"exbB" 232.28760325123 141.096248667975 1988.99215255198
"metC" 137.315966730617 69.0165065037261 232.583586549515
"yghB" 1108.47833175964 1022.03041548329 561.290959501627
"yqhC" 176.116977267179 94.7743250857283 68.2746343027505
"yqhD" 218.873655453193 109.548423403059 132.767489617654
"dkgA" 1628.79419556579 1993.10062475994 224.752780249277
"yqhG" 138.523923420356 71.2552834143186 20.2329487144487
"ygiQ" 200.564824329009 96.6824818756592 83.3543218670601
"ftsP" 322.910595452478 269.528064808176 183.957562836553
"plsC" 234.713593363866 167.257943177309 203.014343449288
"parC" 250.223486405313 136.652019276872 89.9402802451861
"ygiS" 151.050353548353 73.5667998694467 63.0488928869872
"mqsA" 2261.69673206725 1643.90098354348 1115.76745138909
"mqsR" 7497.63828452815 6092.9054784828 5852.20864377922
"ygiV" 311.408694255127 181.317532266611 315.169836394771
"ygiW" 5748.86517625493 8604.26005858475 1871.24263359393
"qseB" 212.517531323066 86.4244130029358 29.873557868212
"qseC" 140.138736747729 61.0025284133601 25.8385829321535
"ygiZ" 213.612976045887 110.326022231761 16.9841928671957
"mdaB" 343.153494207763 198.357627820528 131.853714014078
"ygiN" 5759.96366161062 6408.23585597415 3034.98633788654
"parE" 203.768186338829 114.374412271254 274.760229053024
"yqiA" 490.122300332354 351.885203533012 547.131299273368
"cpdA" 932.470254344569 958.862717784906 487.786337071836
"yqiB" 539.152678620461 335.941385089203 345.564698612025
"nudF" 454.518474852388 312.970061930027 217.179375205034
"tolC" 643.739962450952 1108.39055998753 281.028383994367
"ygiB" 3399.25718098742 3771.76456641894 569.374596780576
"ygiC" 644.386324066363 606.877625591231 248.572702278774
"ygiD" 222.976763751593 95.9924989759455 67.8809955563237
"zupT" 581.885430517147 410.072365768426 153.976469273272
"ribB" 3503.42518225376 2062.53606950161 474.021111796794
"ubiK" 3661.61967103363 2941.93343173748 1131.71817415115
"ygiL" 144.871658122377 82.3246188100306 14.0135881071052
"yqiG" 45.6615093128082 26.1874441129052 7.33299734961898
"insC5" 0 0 0
"insD5" 0 0 0
"yqiH" 68.4428384770214 65.0576791055212 9.51130819474428
"yqiI" 104.182686730396 74.0742792408632 17.9557264134059
"yqiJ" 132.309471561969 73.7028473487096 29.7456900033297
"yqiK" 148.812671756126 63.2143843167713 25.8618041575278
"hldE" 257.797874833383 139.691102119963 76.1139573649038
"glnE" 196.115950738151 108.792078630293 70.3353551969059
"ygiF" 215.756474093735 111.089135651418 80.4212616616987
"ygiM" 463.139690360567 768.627982859771 125.568779077798
"cca" 392.485670855786 559.247785286547 249.843116772037
"bacA" 303.195730508724 163.072291002813 100.390732626765
"folB" 459.480372373719 187.87673097381 78.3043451838828
"plsY" 384.304082437302 207.852500289218 111.795159169205
"ttdR" 180.454358051509 66.0765820031797 27.4008878165085
"ttdA" 187.610610844547 85.7544285339873 13.5227366102312
"ttdB" 316.79331122785 135.684996048733 18.3737810798599
"ttdT" 201.768609444119 89.3312167306342 29.0891574051673
"tsaD" 369.330698115263 226.566964341385 154.699005347231
"dnaG" 397.684450550157 433.494607495504 386.793030881732
"rpoD" 3054.40194148549 4240.15083908337 1601.35928862452
"mug" 533.417204475497 346.00166119762 312.471324836595
"nfeF" 195.114286684301 86.9593700622258 174.095669570309
"nfeR" 497.444288675606 270.918532837377 548.46510302616
"aer" 232.559286521289 121.605494520592 38.7442909118762
"patA" 2066.22492611911 1277.99774279334 191.861843128703
"ygjH" 985.327459929971 536.460283101936 135.873542937566
"ebgR" 194.13205548764 84.4233680542617 31.2132058937641
"ebgA" 151.349860055523 61.0009062502689 12.5430486678499
"ebgC" 166.401790600718 83.0425916398119 23.350764826967
"ygjI" 132.339962441524 61.4976443567165 9.25710292275857
"ygjJ" 172.217830696104 79.4800470919691 12.2126927822577
"ygjK" 176.792229812579 73.6380509731712 16.9722640033557
"fadH" 929.270283976477 1438.69079929302 15.435873079344
"higA" 789.180508025022 846.650410722391 114.739500753367
"higB" 448.152782285787 256.403219338055 180.078784158246
"rlmG" 245.537412922085 106.635058305061 47.7972032860917
"ygjP" 395.692215241283 176.563258653059 92.655708468899
"ygjQ" 181.669760184572 70.918790449247 18.1130889016736
"ygjR" 1195.28400983463 1101.23620972851 74.8627909600862
"alx" 302.571681031933 233.628887622939 152.434739695193
"sstT" 480.550342231464 463.812967301324 211.863848343621
"ygjV" 213.751206170225 99.9414096664983 91.3143483108146
"uxaA" 187.332479588499 89.6682463740534 28.9607443993875
"uxaC" 201.132582035502 92.2631727394076 23.6201045261355
"exuT" 235.926402676477 117.668359511546 55.2305177445948
"exuR" 650.132554120987 468.761495537429 875.00675225937
"yqjA" 347.308662078297 214.200824616206 422.41425139756
"mzrA" 756.158012705855 394.002089113494 647.480457630539
"yqjC" 8705.99681484469 5922.24114903786 3697.83504719113
"yqjD" 21606.8572045976 15454.5878657483 8449.91430201147
"yqjE" 6457.7751585653 4418.18823313075 2811.60931822236
"yqjK" 17152.6583218919 13541.8293155932 7696.83386994921
"yqjF" 594.483050308801 286.109622421604 498.288498604382
"yqjG" 2017.8773537902 2035.95129329686 145.862882632305
"yhaH" 1735.05836386794 2315.58407441457 724.743729635391
"yhaI" 826.313250091212 536.560855226492 45.6510954287132
"yhaJ" 257.356571890807 125.398718032534 34.5949653209113
"yhaK" 233.33431267573 113.920608548036 31.8890380964633
"cyuA" 252.970487872226 108.355398392125 36.3599717666047
"cyuP" 220.308733861814 92.7210192865832 30.0226889762476
"tdcG" 210.070727596778 106.439667850589 24.5188198274863
"tdcF" 375.732968716823 180.891270404831 52.4077893192272
"tdcE" 145.160159424739 64.1897831064344 15.3314711266784
"tdcD" 121.734302609999 57.0001891957117 7.20114573097133
"tdcC" 0.509266606245525 0.183787947049719 0.125094537401032
"tdcB" 190.59066691627 111.412094401066 11.724080111191
"tdcA" 113.716827427213 74.3492644726117 6.10139094641866
"yhaB" 97.2131994713317 56.896015709913 11.3037582858681
"yhaC" 21.7681695331312 15.1836314308198 2.59869929105604
"rnpB" 336792.335577673 331327.275211399 1280875.83432606
"garK" 226.033969993575 134.24510968538 29.9310065140401
"garR" 265.971135386087 197.557657852884 23.0743142457303
"garL" 225.742016918561 101.770158109912 16.4255219503373
"garP" 215.73247296434 101.167384765464 11.2272760903319
"garD" 271.614580377444 164.311924066078 25.8877176210293
"prlF" 1139.77651257251 743.755141887283 972.144118942061
"yhaV" 978.552471004971 606.137601876207 870.955722249201
"agaR" 191.053387056272 102.782958411441 239.539231404931
"kbaZ" 141.913670158741 64.9389385261688 18.2512603605055
"agaV" 293.868282431454 147.311446029181 21.4203909360221
"agaW" 390.913352452956 210.982748597794 30.9020379744817
"agaA" 662.773257465298 336.890815361011 49.5600301112716
"agaS" 207.044978007793 89.7327967573091 39.3599043281275
"kbaY" 142.843468718576 76.6405662613985 17.3232199805969
"agaB" 108.358946186 58.0122399747723 18.717604293715
"agaC" 108.829504275603 49.1489503050296 8.33310901996017
"agaD" 175.758554176178 73.2587766593336 18.2904272454498
"agaI" 159.454873959155 70.2371824155562 17.184410606035
"yraH" 160.743008140137 76.3557237530753 27.2717585430401
"yraI" 171.146949197942 84.4694239083475 16.4656698546994
"yraJ" 132.765562717116 77.8886194532884 80.0459356682932
"yraK" 178.893637387642 98.9103229990688 49.3971455001991
"rsmI" 302.951733274639 154.265807892323 83.5068040090316
"lpoA" 178.282175087074 131.246921479759 190.774070650357
"yraN" 324.479808836989 188.92046937827 323.932485887156
"diaA" 397.204647865685 268.797271063307 270.666893082731
"dolP" 403.288742748851 260.033586166368 243.928903031218
"yraQ" 241.758417913685 130.119827468371 105.878261091948
"yraR" 449.872404783884 408.590111465507 60.6745661082387
"yhbO" 578.310615328714 414.339276617675 256.667851265291
"yhbP" 577.362583548324 276.747209394912 161.521179630748
"yhbQ" 1033.65097112918 507.011181370344 488.530127571434
"yhbS" 494.727299690119 336.890815361011 205.781864157671
"ubiT" 511.150458004554 348.496299225752 224.155193159332
"ubiU" 120.78123837193 48.7547185766745 17.2622884380346
"ubiV" 216.146561821882 99.4202480608013 30.8451997133616
"yhbW" 207.75522063375 124.012417229389 45.4197819046433
"mtr" 206.631104479689 106.926043141064 140.153990875999
"deaD" 287.930493850037 494.099314730029 1961.05974887834
"nlpI" 826.223080226954 966.170558333233 4652.67908638212
"pnp" 375.451365676855 454.543187885287 475.93207979545
"rpsO" 20498.3270857582 27768.2130016385 27251.8334526288
"truB" 259.878060244759 248.437571717177 558.993395201707
"rbfA" 1303.81554042988 1408.88812186567 2024.08348732855
"infB" 774.172792763341 858.124552955947 1044.31585338359
"nusA" 673.756777561291 692.161866017958 810.135842387396
"rimP" 904.634976788553 863.158493216961 1836.57792382148
"argG" 220.588467187797 311.065529780229 1594.10505285501
"yhbX" 95.4299127790794 50.6082778761478 25.4589144425048
"secG" 2045.87075649581 1271.50740622104 1982.05530760174
"glmM" 342.955018792413 367.354458359605 176.651417756538
"folP" 255.721878647202 260.911519965305 97.651025941291
"ftsH" 1722.34929942437 2329.52670873193 1276.18170994391
"rlmE" 2789.42624755088 4002.65209749932 1537.81633499142
"yhbY" 4837.06046004067 6281.10256305073 5508.98947188461
"greA" 1630.4241437754 2180.71207590208 507.790490677882
"dacB" 206.461501489938 111.417287456643 48.4569338178969
"obgE" 644.643477974908 790.024999465644 373.128124039986
"yhbE" 402.191396054717 502.029797372662 193.336483514026
"rplU" 5500.24966320913 7429.43752277389 6409.33141344733
"ispB" 511.844472595718 387.846331695836 211.814122775287
"sfsB" 3159.16958507871 2237.39717465154 1575.56984603068
"murA" 254.84957094254 186.008539562439 184.176179654181
"mlaB" 4641.88653428246 4357.81922010108 910.93526700454
"mlaC" 1157.81115029651 1229.44895919428 250.458964749125
"mlaD" 600.824318569547 546.45930099004 167.711006056001
"mlaE" 412.084267835575 315.451397439938 78.7372369055907
"mlaF" 391.838183640358 260.455245398626 66.6733690651377
"yrbG" 247.165835710713 133.188056229922 96.6498545326478
"kdsD" 296.830614984697 231.068403075653 185.409565817609
"kdsC" 1292.02614538185 1064.99611428032 463.989703424718
"lptC" 1067.7121345332 937.497742664788 400.411595541811
"lptA" 1380.99019899406 1312.42990394457 609.319937221251
"lptB" 869.983920035583 769.994404216739 437.187709132772
"rpoN" 762.140542662184 682.766479911266 399.541133555111
"hpf" 9784.3707233443 10298.883305107 4596.09813286936
"ptsN" 1096.35116012387 1107.31499591781 941.504709172917
"rapZ" 480.032131671232 408.296838553308 668.887077053833
"npr" 5443.16188595535 3831.63140452653 5082.35488176764
"yrbL" 450.565478458474 506.454033782719 717.851872464761
"mtgA" 258.322489779376 145.854358886303 179.049453176831
"elbB" 357.747050194519 231.900554793848 175.862843182606
"arcB" 273.726347805786 161.184129969221 104.056041704324
"yhcC" 205.550828324864 86.2409975215495 20.542090160167
"gltB" 155.219859813908 137.790927121519 1814.48402893097
"gltD" 206.308455911165 187.479043340403 2439.79261962384
"gltF" 76.1421606572881 43.7728065032327 16.3544416869078
"yhcA" 108.205984261482 54.2561462605155 11.2039922395575
"yhcD" 96.09739810736 41.3774920997461 20.9163021521699
"yhcE" 65.1368495218898 27.4515067873949 14.1108133760692
"insH10" 0 0 0
"yhcF" 197.698661351744 103.903191921986 84.4197520138558
"yhcG" 166.186504264344 72.3205533454038 42.5808497221878
"nanQ" 562.37421179893 385.064270625267 94.4332944270192
"nanK" 223.228397730035 164.268127113021 59.170111553876
"nanE" 275.932306349548 203.683473096073 51.621674011923
"nanT" 231.93172964432 137.05443700612 25.7289271206388
"nanA" 222.571065686428 105.616910637916 21.0648607870536
"nanR" 241.668011992245 130.196610670512 135.549604654635
"dcuD" 185.16167474409 95.3047829470377 39.9476699914742
"sspB" 792.535843510375 478.627546956342 1272.7258819422
"sspA" 1030.1392810776 715.799185658404 1480.90669892044
"rpsI" 2060.92946665226 1540.64788827549 3169.69538141351
"rplM" 1709.45846091267 1211.51914653614 3331.30618178399
"zapE" 260.28756799616 112.511253320715 68.0367924908868
"zapG" 3714.1330400811 3291.8969785528 1482.35646994711
"degQ" 285.872282295161 206.878945818803 93.0901764346779
"degS" 155.828633411996 75.9943411738685 64.2699922447133
"mdh" 3472.78645117531 2771.83351611956 770.349811751053
"argR" 637.579367644905 773.896966326721 845.680729684392
"yhcN" 12321.5362260569 16150.7552248545 8549.49956323966
"yhcO" 7564.77770092836 7011.62481508596 2270.39623816669
"aaeB" 156.595971843033 64.0980789954305 35.0950149453068
"aaeA" 157.248446899202 70.9114538570712 56.5887900558329
"aaeR" 276.947547441668 154.233046762088 205.620339370216
"tldD" 608.512209711629 504.104191761452 202.059313519705
"yhdP" 199.90674046189 106.961828987047 69.2890952052819
"rng" 227.83754007852 160.193102651196 154.155133441766
"yhdE" 227.737303251557 174.62080576444 308.305970481661
"mreD" 314.216781017216 226.289473538244 214.308733223123
"mreC" 233.665361451355 128.911780270934 155.618320421764
"mreB" 328.167761821724 332.161288100477 369.167436953779
"csrD" 162.099272697451 118.602071449044 160.45451290581
"yhdH" 357.871327337807 307.620867352127 57.9692616932477
"yrdE" 385.727111887168 196.979197183935 59.5609558218825
"accB" 496.586206669769 358.990456753865 485.196133978866
"accC" 209.256483964264 131.67508725669 228.117775029584
"panF" 147.6523903522 78.4157251900547 33.7706092196371
"prmA" 303.602947388133 236.566715698557 124.509171461797
"dusB" 213.934884901413 183.356084548069 215.302234824142
"fis" 1648.22633733952 2102.44224691706 1264.25101805634
"yhdJ" 193.274688394884 76.6877170259597 11.750808180696
"envR" 124.445492501123 64.9464742829456 9.5553925823161
"acrE" 157.591878406245 72.0946329707748 14.3194575701372
"acrF" 181.482895380146 81.6024002778985 25.7375102355074
"yhdW" 1725.01208064851 2473.58794544225 54.3868799156826
"yhdX" 285.539249319082 192.048037209781 18.744369663276
"yhdY" 207.530033094116 132.998657362856 12.2146897782628
"yhdZ" 328.812209370001 190.849904891791 28.8265700508706
"rrlD" 139.752392596242 97.7857093236017 66.6784203015949
"rrsD" 145.458825726043 99.1764138000403 64.9174090126605
"yrdA" 542.459839283423 362.144999545536 238.992856092982
"aroE" 482.833723507355 335.312354016777 414.668619763898
"tsaC" 854.476599567034 726.011394489073 678.688240704882
"yrdD" 1366.23424494406 1391.49888253605 757.891650714214
"smg" 2846.17819975786 3301.53671650936 921.688821418549
"smf" 217.385452510277 142.067683722681 27.4012925719967
"def" 6018.78735339475 5264.36881460402 1139.51412869779
"fmt" 1398.01200964157 1549.74529897607 607.865308188498
"rsmB" 372.407406919293 374.17195344568 410.406564541945
"trkA" 335.179135862316 246.304372253591 222.275046835531
"mscL" 3866.10462176326 4253.17131524589 553.573054305174
"zntR" 329.62801097127 305.267018212835 995.185964103072
"yhdN" 496.681190268307 426.159414160105 1055.35557762755
"rplQ" 2593.55131460794 2311.74695143122 12031.1384714991
"rpoA" 1405.19476793134 1446.46659773311 8388.39613080539
"rpsD" 1792.62303680737 2029.41875531422 10479.8528105778
"rpsK" 3071.5748967299 4357.48674682824 16870.3640297233
"rpsM" 5038.13701184205 6230.2970074184 23179.017624676
"secY" 1568.94856052121 2112.1829814689 5502.90870027137
"rplO" 4456.25937888883 5669.70478553824 10166.8096576048
"rpsE" 2755.50558495883 3283.26482584964 6046.86236955459
"rplR" 4273.38933893557 4804.85610617502 9650.11577927434
"rplF" 2681.92796382619 3189.19850251868 6291.8764487118
"rpsH" 3965.41602532853 4111.88959972409 10851.0786637828
"rpsN" 17993.7344873062 19728.7889325822 35371.7941259902
"rplE" 3783.11607581206 4469.34106014453 9629.38908977388
"rplX" 11812.0269045325 13875.287883891 29864.5290947316
"rplN" 7282.14374241826 8608.80415893233 18316.9890532041
"rplP" 2622.83264982927 3849.39339728928 6666.87053017688
"rpsC" 1353.28957828349 2135.67634966231 4045.99691848427
"rplV" 3623.89900911649 5874.86068384126 10338.278198262
"rpsS" 8712.71909776829 13464.133759134 19771.5448355432
"rplB" 862.358625812312 1285.44498063897 2447.82509766537
"rplW" 4439.82588343578 6355.49227351558 11413.5921424789
"rplD" 858.784659250771 1286.00810991873 2555.48671852385
"rplC" 994.683705849802 1435.33624818592 3029.04303503787
"rpsJ" 5203.85437727791 7753.90125041936 16048.7257402278
"gspB" 457.627807861795 264.651237225337 102.133655489862
"gspA" 162.148142384595 81.1547374711595 16.5245430811677
"gspC" 111.979520121946 84.6366395776821 100.262389196266
"gspD" 189.902953413598 96.9416757661077 96.3708604013377
"gspE" 144.919669548292 69.4759062470368 58.6436721582619
"gspF" 185.407258681501 77.2907952374644 45.7583749624181
"gspG" 304.276323574621 153.402096346752 65.1011149193361
"gspH" 397.112259619419 170.316649633566 48.9265069108468
"gspI" 273.892774045261 109.077503570324 70.4722366316127
"gspJ" 280.223287855923 112.425697114391 50.0203372448407
"gspK" 172.41098634217 69.1726951154273 62.4264117875282
"gspL" 148.331594313754 64.0940029462675 57.493064700502
"gspM" 489.519319568021 276.920457992124 83.494816040887
"gspO" 393.120544253902 296.967225532167 164.011323196642
"bfr" 4190.71924435625 5557.29851600849 681.07927881647
"chiA" 159.795162867786 84.7561642030903 36.429180571933
"tufA" 4736.30520312058 7324.28664506389 5825.06188504503
"fusA" 3124.25007261965 4430.93281346132 3575.2988376012
"rpsG" 4779.06335232359 5644.72086294681 5989.57892172437
"rpsL" 9230.38974711753 11409.1653392238 11329.7101196453
"tusB" 2206.43501736955 2694.30147423156 2636.97701911431
"tusC" 758.655679827186 404.146855604332 591.946587627616
"tusD" 561.436373898825 324.137742286821 716.840588173099
"yheO" 346.380919431839 251.795611961577 403.771539681635
"fkpA" 770.533024560213 1258.08254297584 547.889300952478
"slyD" 1489.10470646237 1370.26875515384 800.006577634481
"kefB" 235.92898288479 131.390097123002 67.9555689071181
"kefG" 442.786549141866 228.687860824125 170.069822687889
"yheS" 259.329911822 138.278849062585 79.6225043977222
"yheT" 206.244781863722 142.498044865906 63.6455126836154
"prkB" 483.97590885047 323.692454413415 178.362725003172
"yhfA" 910.56668317897 656.071443130318 363.47801072076
"crp" 2562.77425588736 2345.26360623023 1324.41714954494
"yhfK" 181.906619266946 96.0419854377048 178.786921640414
"argD" 206.226369828235 150.816839100975 572.292559897918
"pabA" 349.839005701907 281.091224805844 92.9994180970385
"fic" 1282.73145544712 1458.68281862178 184.157054126835
"ppiA" 641.468538375415 404.076837924944 77.2868376160508
"tsgA" 253.44421134087 114.566219192478 77.5929720944911
"nirB" 145.820888311601 61.4099935474858 21.0861040029482
"nirD" 347.666981433387 167.138298290738 47.7671381015487
"nirC" 146.972062492487 66.5542077538595 11.9443803965843
"cysG" 228.171248837463 116.189342607084 42.0214473512064
"frlA" 177.048249512445 73.9278002022189 12.0670334664678
"frlB" 180.052696450078 78.2899503071074 25.9491346478651
"frlC" 228.018184914936 87.7622719635304 14.9523990558857
"frlD" 258.133220111377 130.185800150669 56.2497627231493
"frlR" 332.363494250977 145.133133074586 96.4357194874428
"yhfS" 227.654984979403 105.954101115291 35.9778774086417
"yhfT" 228.928972675509 93.3293693216428 32.461640304129
"yhfU" 428.155579412874 176.85279681265 48.3580412101721
"php" 181.916004276213 77.5924051371958 19.4130627566611
"yhfW" 202.010323856967 97.9157927793699 12.8886823678658
"yhfX" 175.026449642206 81.5345479656602 8.44614610290879
"yhfY" 602.366623420293 440.71761800157 70.2697126693442
"yhfZ" 303.981332036221 215.695535893958 19.8503227979972
"trpS" 270.305159706804 176.514602979339 341.649300478124
"gph" 270.799402790074 183.730115693755 240.755242461901
"rpe" 314.966925416191 203.884419756769 224.720940891523
"dam" 176.616641205135 125.3127009606 206.024655821608
"damX" 354.464779508602 389.847665445264 514.334267671425
"aroB" 422.047360619531 412.412119783457 470.554323103176
"aroK" 599.218057526128 560.317238644071 848.845606177826
"hofQ" 243.70025314575 101.644819711969 22.8623564388659
"hofP" 417.531820728002 168.821731182069 22.2719369314191
"hofO" 299.825040690402 111.892666877576 28.7906107759472
"hofN" 303.742446540948 119.446293850625 35.7952345719156
"hofM" 252.711537703791 114.424734442171 45.3589374484002
"mrcA" 176.716544114314 77.0512042161501 28.4545607992536
"nudE" 368.582667610766 191.243934062897 212.826466192744
"igaA" 278.446184867289 181.198063699827 70.5907391354495
"yrfG" 500.355767083833 577.115420820872 442.941850196034
"hslR" 1538.98037770434 1864.49870853864 788.001968349283
"hslO" 720.60617018822 951.184104043242 430.969993197878
"yhgE" 150.236055807229 78.5062498716564 31.814140315707
"pck" 828.399619375049 828.567990967217 56.9401124979685
"envZ" 353.530503910489 288.131802094303 108.716746215834
"ompR" 1426.86778210019 1600.06502303174 379.759345115321
"greB" 744.400760542895 554.998988735026 187.779836624044
"yhgF" 165.335505974004 74.7102830885026 48.7855389923158
"feoB" 173.859046307599 97.6246191156472 590.252844759968
"rpnA" 190.738312922004 96.3930289692062 42.9244387619507
"bioH" 295.003772109483 143.868629586118 77.173880909521
"yhgH" 291.694447188078 185.616763001348 231.617895897139
"nfuA" 1471.34675098938 1410.00161163135 2703.30127355867
"gntT" 220.647402116765 164.405023031786 39.4531593264111
"malQ" 201.168075615542 125.580090620287 48.2482215071831
"malP" 177.711290240567 107.704841195704 29.3707628192267
"malT" 1606.40006557934 3271.15526469343 66.5608858522943
"rtcA" 350.699081462153 200.404867885749 104.789013070153
"rtcB" 322.606760905174 182.99351075104 40.4676908754497
"rtcR" 180.440744213347 76.2683073204633 35.7962413923616
"glpR" 241.949930468255 118.704068765786 140.406956917373
"glpG" 266.850140902966 131.816168323176 134.104329032475
"glpE" 762.571445125118 346.322600061891 584.228842934326
"glpD" 394.398807849348 286.53429824994 201.535074788605
"yzgL" 2704.22569190494 1563.41566215021 2211.24530544258
"glgP" 455.513056732463 836.038332865688 791.816360397738
"glgA" 526.662830152037 1303.28022842733 1136.68081073774
"glgC" 498.725151685427 1280.03861169399 1214.29754988921
"glgX" 456.168684992992 1479.65899158459 1383.1436397154
"glgB" 560.39185058518 1741.70961565446 4123.02408954898
"asd" 1093.1553925263 5610.2313359577 11418.6727223236
"yhgN" 240.171236475061 121.642629100313 57.4606243185615
"gntU" 228.7762732174 118.739403679096 28.4095581231659
"gntK" 259.440283455468 195.736791513748 50.6332438585159
"gntR" 403.593327237902 342.890328451337 269.836824531383
"yhhW" 426.990338848159 389.963399383845 270.15895354192
"yhhX" 368.879372735236 266.059735316359 143.602685675012
"yhhY" 165.226453240056 102.544178257293 34.9540981994933
"yhhZ" 25.189558921847 15.225379886168 1.74931478656534
"yrhA" 28.1605246378156 16.1603143241148 1.72203696855907
"insA6" 0 0 0
"insB6" 0 0 0
"yrhB" 1875.92180062645 1750.31353090868 382.009120320085
"ggt" 316.111682855082 230.996947504163 25.5422608325404
"yhhA" 7325.16097396432 7410.69520677908 1089.0048526002
"ugpQ" 442.837393293435 405.60197892087 223.91212075346
"ugpC" 387.793082411869 329.586984271284 70.4705380814058
"ugpE" 249.203649831074 184.82136750535 18.2172658561522
"ugpA" 347.135698012551 225.192267504999 21.6893591671338
"ugpB" 1080.30455586944 939.457274467352 54.9299613772863
"livF" 414.135302411839 247.455442210063 229.711462666378
"livG" 246.42941098124 206.688878376131 185.668061873814
"livM" 316.734435010206 232.36052791218 153.812225957027
"livH" 235.294181979966 209.035209020428 156.855434093201
"livK" 283.145767564473 322.782641325103 235.966434599305
"panZ" 655.454725966991 319.222100771544 156.181388342192
"livJ" 479.492707385781 444.068388016633 25.8570705695694
"rpoH" 1717.65225852685 1904.88793009178 3101.95821213194
"ftsX" 311.206228859508 234.010482006831 218.413799213394
"ftsE" 457.078866780799 353.030437338961 312.072667183568
"ftsY" 270.386081723739 159.547491985984 149.323647833967
"rsmD" 233.165986512597 108.528231177283 105.275358474199
"yhhL" 4490.43620106072 2647.96922620989 862.139955566745
"yhhM" 789.352730456032 378.137404501083 210.413562197397
"yhhN" 494.861770117982 308.270893691369 154.619671333076
"zntA" 203.24421160054 110.473533296568 34.4644312171746
"yhhQ" 294.952770781679 145.471015547017 189.717741016734
"dcrB" 783.478104927308 545.684057178776 606.661086586103
"yhhS" 220.891931801198 102.642675259164 120.57766038722
"yhhT" 219.511972553074 175.546505789752 78.0878737103413
"acpT" 416.836305716717 256.800788046812 274.305075213643
"nikA" 197.268212487872 81.3317200230481 24.6038572484566
"nikB" 200.249597341974 90.8250913983421 33.7542259580788
"nikC" 239.765232243013 101.222476599525 44.3929254417859
"nikD" 246.16414439771 119.78897493965 198.62733210067
"nikE" 208.876056205355 86.7549428986624 46.0711815296823
"nikR" 427.922900614183 206.076173049008 178.141160088189
"rhsB" 133.476850427798 67.7844291344396 20.6638879595901
"yhhH" 28.267589260032 10.4531166499498 6.2058829804844
"yhhI" 42.4585485833829 18.9898049036409 5.19202847197163
"yhhJ" 62.993809989912 28.5958208615821 12.075145879185
"rbbA" 79.9308051542856 39.3134495880399 18.8030989377613
"yhiI" 161.504958306449 84.2890686214178 48.036849873626
"yhiJ" 26.4331729253303 13.4385809487185 4.82710296263053
"yhiL" 11.671530405296 9.65048242587504 3.28933768466066
"yhiM" 53.5685988771714 33.0620768984542 7.76260830996784
"yhiN" 71.6760028944659 32.2865656829855 23.7292393998323
"pitA" 130.400348534575 112.547965276991 61.5849634507939
"uspB" 3900.37589853711 3720.0991171622 1482.76527232577
"uspA" 1243.65089162479 1048.70527911867 760.670392725055
"dtpB" 124.250412945791 138.459587200042 53.5661362966711
"rsmJ" 173.277882477441 207.193660677607 103.185569683034
"prlC" 344.89427316601 439.347464692902 134.797901955451
"rlmJ" 164.868024768446 145.676157096825 103.90916812351
"gor" 245.843054570137 191.336820721366 124.054887611972
"arsR" 103.830644598762 53.2689147026055 79.253456427782
"arsB" 74.8419098448678 32.7113517582879 10.0226151188486
"arsC" 211.621183043556 128.690997874038 34.4246717142572
"yhiS" 7.51983215648373 4.45972135076697 1.67899136258726
"insH11" 0 0 0
"slp" 341.787021098532 59.2738309218328 154.950179251297
"dctR" 64.5442753804696 29.9464694647898 25.7722635080864
"yhiD" 64.2086206269201 30.8062387710245 23.9418823301326
"hdeB" 700.253778641776 257.483324393841 205.766133360517
"hdeA" 1307.25124073152 482.676347263953 939.225865555922
"hdeD" 120.122578770355 54.0243465873069 28.2962738812862
"gadE" 709.381529762669 98.2377104578431 37.8520366709294
"mdtE" 57.2729743281955 24.0315443235916 13.1261694392925
"mdtF" 62.3051189080361 25.8620977454696 19.8555133003913
"gadW" 553.448364035886 254.876808962933 93.9229302718399
"gadX" 744.681885029291 347.454939303062 167.619893030844
"gadA" 121.432511419943 43.8549548959318 61.1374686609226
"ccp" 57.1825405694899 27.3518753974385 11.198624467631
"treF" 86.7127006153994 72.6164442381272 116.025689562778
"yhjB" 125.851695206561 65.9894044773586 52.1199209792927
"rcdB" 81.9131889161561 45.1470911853283 19.199794749384
"yhjD" 364.261453239171 304.878338629031 75.7528386276005
"yhjE" 77.9614717830353 71.7290837338648 136.869815181419
"yhjG" 165.055656617634 135.017249681064 31.4978780494819
"pdeH" 86.4438247944665 30.1097520190791 7.86729075736498
"kdgK" 92.5875261606045 51.9506350257797 44.873497922695
"yhjJ" 74.846571632041 82.5657572405643 53.1624581190394
"dctA" 287.803286781579 400.207790412806 27.4137553835023
"pdeK" 84.9235764025167 58.64961044607 27.5186099390941
"bcsC" 53.4573999058286 34.8130761178295 29.6166477581234
"bcsZ" 64.7200028621015 25.4814194153121 8.21988472534788
"bcsB" 48.651741201014 20.6335897454326 8.72891546992671
"bcsA" 55.5295593969832 21.6962925218826 10.7790886992535
"bcsQ" 62.4863975174405 44.2413517002426 21.8796626814811
"bcsE" 161.687233355813 169.716427735679 93.6255400128134
"bcsG" 88.5706058570806 66.5035878117178 25.251728975263
"yhjV" 64.0894698653734 27.939820548319 14.7035464238505
"dppF" 83.5541979570921 50.2815210885675 24.2368132236188
"dppD" 80.8506462636947 49.5646870512115 21.2397554898394
"dppC" 69.3011339389209 51.0704936938025 24.0966075734176
"dppB" 77.1623111782765 51.3621632990858 18.3059015647373
"dppA" 347.699285674575 454.84299502202 82.272331002609
"eptB" 74.7149292936227 80.5925869600242 19.5076486708456
"yhjX" 90.6678926811707 39.4536828677059 16.8026733722664
"yhjY" 300.382511755165 309.920574819966 173.845174765335
"tag" 202.424830637383 147.052353717872 160.793386429459
"yiaC" 172.278501203155 99.2773171805947 201.53427543163
"bisC" 57.5825415094687 29.4262953657021 28.8560738757776
"yiaD" 92.8739854111086 37.7798148269976 20.5795620869905
"ghrB" 84.9237976951862 43.1579253613697 37.5865212914283
"yiaF" 245.145575820516 321.344478813143 117.378524143392
"yiaG" 12217.3066096927 14535.2309688923 1344.36585655535
"insJ" 46.7356702248791 22.6696118129766 10.554030627433
"insK" 26.5679487535589 12.9959400074427 3.38149037098584
"glyS" 175.694374626569 235.131417135151 229.047753329111
"glyQ" 166.336907650567 269.211433492941 145.062083637025
"ysaB" 626.392123402424 315.702237645558 98.7891096935725
"wecH" 67.2160945730771 39.9145772962886 11.0842062602117
"yiaA" 70.6904590122853 29.0069418546585 19.0183032348622
"yiaB" 120.44715360378 68.574681408698 13.7300605070017
"xylB" 63.5905563291901 56.8712603587451 12.014774340129
"xylA" 91.4172725782627 62.2764137844408 14.7592335264757
"xylF" 87.1577201807113 48.2822637964561 6.02070223632593
"xylG" 53.7380088016002 34.0318755332438 14.5540642786448
"xylH" 85.5078133589287 46.8097052297629 7.11995436822111
"xylR" 55.0130461359207 33.6673893257517 20.1171200455013
"bax" 84.6756660547326 44.1739194189321 318.477796758605
"malS" 71.3202919812256 32.0752563952257 12.8269833390472
"avtA" 101.171333876701 80.9787327271545 150.624898606748
"ysaA" 99.6596783897976 49.5670588840325 96.0857536272988
"plaR" 82.5208382871681 42.2013498275076 38.7432144685865
"yiaK" 63.1008559355303 33.4825352539054 6.33419536128599
"yiaL" 49.9557171702619 31.9399136335081 7.54963126278626
"yiaM" 57.2404306649095 23.6254205895857 3.67206701760378
"yiaN" 61.0301027838831 21.8715032520419 4.08234503824299
"yiaO" 69.7011160692811 29.6971715220469 4.78238959450183
"lyxK" 90.9986030101821 35.9085405163882 6.94366799922147
"sgbH" 69.9497539548796 31.3703724838379 9.22589628637415
"sgbU" 69.9678568150785 32.3301746327527 8.21742486259086
"sgbE" 75.174355431014 42.5744013264594 8.84267455159784
"yiaT" 49.9655599184223 31.6006286086374 13.284928093361
"yiaU" 84.6183164085126 81.7656541191446 35.7165451077751
"yiaV" 85.7886802755158 68.5430827882899 12.0638308613458
"yiaW" 434.490223291608 599.729274520108 15.3236300838258
"aldB" 1598.85038226317 2761.67017868898 6.29699191429113
"yiaY" 63.656845686848 25.6296400866526 6.60691506940045
"selB" 94.0187767450543 79.0167416180133 45.352013027083
"selA" 109.184340633475 89.8875588842017 38.03899289307
"yibF" 291.834622432593 559.007744900278 38.714732420571
"rhsA" 196.133002870933 113.333700380436 42.3445759985611
"yibA" 126.273918970378 191.866158127525 138.469265891461
"yibJ" 246.929002503236 191.878044593654 115.823393086211
"yibG" 88.2650985504287 67.7571333384985 44.012771246359
"yibW" 123.179450496819 84.723788891641 19.370801246944
"yibV" 105.454607627115 99.2555794333563 6.54642504338088
"yibH" 183.530500328171 126.299057465636 17.8666862123729
"yibI" 581.081583723463 360.145894886746 78.8993265059304
"mtlA" 275.896928331881 312.035181569552 31.0365272244183
"mtlD" 472.282599675967 426.424910899902 142.82590653902
"mtlR" 669.403787517894 641.097741990105 232.755924115106
"yibL" 1185.57671111344 863.961850267394 339.02054358017
"lldP" 859.253962345364 693.412641999093 23.5675920678502
"lldR" 725.773585767171 732.916996280018 31.9590095081479
"lldD" 834.727588959934 824.677825357098 53.9663090378612
"trmL" 401.705165201955 205.216888650715 263.164802928271
"cysE" 487.834156139036 379.33177702592 615.397564305439
"gpsA" 484.096510911756 362.129191745069 311.200326600535
"secB" 1906.73084694074 1925.92912058766 581.950743173107
"yibN" 334.004294905461 351.105868081153 267.64883632374
"gpmM" 344.445486505974 212.834292941691 125.45918255659
"envC" 189.117162327539 88.4722820588293 64.4750672588509
"yibQ" 205.004699947509 93.52209322425 126.039035954916
"waaH" 173.176818147716 124.134131394954 306.26249499144
"tdh" 0 0 0
"kbl" 113.971275292588 92.6437967404163 71.211471035263
"htrL" 78.9035425040558 86.0977340872914 64.7265173890635
"rfaD" 327.154663517844 303.424836648747 177.311542174942
"waaF" 115.169930572332 90.4255535473351 98.4464882516821
"waaC" 72.5473253238902 42.9581904117412 49.6517414367849
"waaL" 25.4412810752406 27.8815766399206 21.178920222242
"waaU" 88.1390781903871 90.2048248228711 27.6247295284269
"waaZ" 90.4048256197493 90.9715800520989 26.6010575850886
"waaY" 107.759426338017 119.200221084602 26.0464895989874
"waaJ" 98.9632126215702 92.5847050466325 36.5789640902556
"waaO" 126.879554507296 122.309393916762 42.7724430791456
"waaB" 150.217675255746 131.731012614645 41.4627333364906
"waaS" 127.954290670315 139.29577541197 50.6071782549959
"waaP" 123.444447453687 104.165743446645 38.6556331725297
"waaG" 151.740600416581 121.332865408705 40.7149149516108
"waaQ" 187.831325134993 184.42058455193 54.5540859173027
"waaA" 121.202137338819 81.5826426613775 28.8397923669424
"coaD" 256.010832708144 188.314191828622 68.5163045934256
"mutM" 110.818908500416 70.3157411819981 33.45790883996
"yicR" 180.854700649095 106.005719556637 50.9837760123
"dfp" 96.3525959307677 61.823626089659 38.4875113381641
"dut" 153.362244742811 129.100789496301 91.9378185760774
"slmA" 130.365405532773 80.0762354362118 66.3863267990282
"pyrE" 127.862227236174 55.3433066741434 12.1558538048334
"rph" 155.056191652777 86.7193445205677 18.6750808351537
"yicC" 254.429733633911 205.098720617272 75.1403655158587
"dinD" 102.654745833477 68.0941840845198 20.0671702924251
"yicG" 137.665719761098 59.623027971409 14.4371232039701
"ligB" 83.3201641556604 42.9734705349446 13.4015729311667
"gmk" 460.518731942294 541.294142763256 462.517052352737
"rpoZ" 7284.51564847296 8406.82273986764 3819.19337629055
"spoT" 97.0640885320561 66.020721425715 107.099762133788
"trmH" 86.8958091819016 45.4671112435428 49.767003089339
"recG" 80.4080225405806 38.4709547677992 38.366778821172
"gltS" 92.5715209521742 56.4521851722074 63.3147292369351
"xanP" 72.050090506366 32.631011211593 21.3302763886374
"yicH" 153.447148433708 100.779005905323 41.4045653827516
"yicI" 68.0756223141963 27.9675701735399 10.9077789448698
"yicJ" 80.308594433535 39.9100713708201 9.31677467914881
"setC" 55.9545552634255 29.4006881341193 5.06930145647661
"yicL" 122.208751635899 70.5385213713213 32.7992890920082
"nlpA" 131.113487848416 120.35948707339 98.5374798403278
"yicS" 562.751485936137 608.633969287861 143.480646451265
"nepI" 107.317092018876 53.0240747566614 22.306074402316
"yicN" 208.020699549749 112.585890419603 45.9990050901883
"adeQ" 52.1048769447771 27.8576856600554 4.36616292401795
"adeD" 93.235834458716 58.5436610476471 11.2315199190765
"uhpU" 196.581289442402 45.5326462408019 0
"uhpT" 54.3028125235396 24.0164242517325 5.5695721681442
"uhpC" 113.410558691217 49.8136605339395 12.0177054894946
"uhpB" 63.0664398695514 35.0218595248035 21.3788123751508
"uhpA" 193.484558311962 250.877452992421 87.157138392962
"ilvN" 2536.3414306672 2670.21552071041 93.7091481781208
"ilvB" 253.341834194066 278.463447251635 22.6498508490732
"emrD" 74.9602164393992 34.8334239849891 20.4220430103773
"yidF" 80.402187022792 64.0944715054578 25.3882873240856
"yidG" 235.199688649973 148.523778753833 78.8993265059304
"yidH" 362.75679041407 327.016771523511 175.721434367545
"yidI" 201.524659897064 108.112053266925 39.8336576460024
"yidJ" 63.5265728657214 30.7282563354696 9.78814880193519
"yidK" 69.508905606392 31.7861975880294 5.44261040461486
"yidL" 56.6763781817605 31.4206420454479 8.8472415305625
"glvG" 81.2823474363576 35.3734394023588 14.8979433781611
"glvB" 143.713734700017 63.5770408887927 8.12579607691788
"glvC" 84.4454220611086 35.371468046826 8.37795943160456
"yidP" 120.244772261097 56.3799024774187 12.5174115055028
"yidE" 120.545272568542 69.606060953245 18.5821852094829
"ibpB" 305.630452102568 308.611136308331 582.90168185417
"ibpA" 540.190149547374 609.55815805576 1271.44077716686
"yidQ" 1668.28725658372 1872.78422738414 872.987513373861
"yidR" 113.61131575737 60.4303970862393 61.1832615735993
"cbrA" 71.8969062071743 27.6707224932811 4.32267487730141
"dgoT" 81.9177881044818 32.0439839443285 5.19152617106073
"dgoD" 99.9838845607896 50.6566634471681 12.5047998341125
"dgoA" 115.993289377422 55.2065073809345 20.3600455440605
"dgoK" 103.04456498284 54.3306163280981 25.0212808863633
"dgoR" 119.164135983368 65.2154524907381 40.4936484764185
"yidX" 61.1000132599519 32.5929007669737 29.7613078360596
"yidA" 140.043043940833 72.2523298220668 84.8842578940456
"yidB" 181.964948517228 141.101763441014 47.309249040865
"gyrB" 126.386884298974 125.792886413781 196.669750718772
"recF" 81.4313857862481 44.4364707516695 61.0046110419429
"dnaN" 157.11195595145 131.716258019221 219.210016061813
"dnaA" 158.717486309574 163.593671084384 332.56484482023
"rnpA" 181.989657299586 93.0338058693144 534.906766550009
"yidC" 85.0111784295171 83.5655070064314 111.241079129638
"mnmE" 94.8579014548012 54.5570156822113 45.5176110658779
"tnaA" 1060.47724832349 374.569267875445 4.06192168200777
"tnaB" 189.425870825032 75.9867369302221 5.29079202077688
"mdtL" 75.339461513145 33.5627106940963 6.58126517187529
"yidZ" 84.2485068277434 38.4511015816569 30.7458860435477
"yieE" 84.9404607809288 63.4463434001215 231.26066496364
"yieF" 135.290695851503 81.8236579029649 320.660787617267
"adeP" 84.6752497668215 47.1529603267553 73.0242128331608
"yieH" 108.992584093595 47.192938154049 54.2985258772031
"cbrB" 85.1876440166573 45.2879372415414 35.2316125596692
"cbrC" 95.9623149851436 45.2114063462696 18.9593213750606
"yieK" 115.145700737559 51.8089193113152 11.7826570298555
"yieL" 58.9172419388206 24.9051759030128 8.09643225216824
"bglH" 50.766983155748 21.7710863222292 3.26521222688869
"bglB" 56.3436376229396 26.3975188671083 3.60701103601084
"bglF" 77.256615144583 35.2940381929854 17.855326118072
"bglG" 44.6747345384907 23.0794196857858 3.93088568907671
"phoU" 148.162176626917 116.928998934701 181.043114036693
"pstB" 146.85275109107 101.558184218866 182.490630249803
"pstA" 121.681029490449 70.0175779335515 111.111002121594
"pstC" 117.323846545302 61.5499318358393 63.7833909226391
"pstS" 83.7555189880264 52.3760702224773 72.6413959595241
"glmS" 458.801726606656 399.050578759761 731.167494274725
"glmU" 356.252202552159 378.060259548959 1126.03517799493
"atpC" 462.416140679483 435.494172053901 406.913452824688
"atpD" 160.714414768321 181.393467241441 168.060281712339
"atpG" 194.936213828966 191.218632040465 154.921753607697
"atpA" 190.16953035495 192.82168755856 143.027710824668
"atpH" 273.698688364292 261.853784181884 137.585187272083
"atpF" 484.145633642552 498.075764606148 258.729907761108
"atpB" 162.86144242297 168.386102639874 108.65756532514
"atpI" 281.562327490729 229.980415422841 154.564938665504
"rsmG" 76.5529834715026 52.3920609595327 112.53367651732
"mnmG" 89.0113110785527 52.4300984334554 123.82342957858
"mioC" 168.273543917792 146.735362486191 591.535899086294
"asnC" 84.1018761492834 68.7872932451331 44.6555118798089
"asnA" 75.3877032674186 41.4232235356783 2091.73791331748
"viaA" 73.4598120734891 47.925311496556 126.864921968437
"ravA" 99.824849664904 97.0565651651378 34.8268348085952
"kup" 93.2266478358722 59.907479434173 26.0553420093797
"rbsD" 1438.55198794224 1713.39932457155 84.3007950075049
"rbsA" 164.822074553349 123.545685010939 8.07863741803602
"rbsC" 221.669334825542 139.786321883181 13.0658348310165
"rbsB" 490.705147376136 366.341970259476 17.3544803313727
"rbsK" 92.2615137445459 55.482689531782 38.491489329245
"rbsR" 40.6736027509985 17.2148461446975 10.9467313387744
"hsrA" 48.9827879082259 30.2745297015232 23.5481631493622
"yieP" 134.486086358857 103.071682582185 84.1184128653996
"rrsC" 119.909851652382 82.5829936754787 56.2268526448365
"rrlC" 122.990362642305 88.9637781817312 68.5617039284339
"hdfR" 95.8547930485099 48.8106143439396 55.6710531713806
"maoP" 215.359040464489 260.772287547539 195.812682603857
"yifB" 68.0534621019109 28.3511846570166 9.89895344726511
"ilvG" 58.3325404671215 37.6126306898926 28.5046877929838
"ilvM" 2089.43756451838 1102.15127518692 168.1444694737
"ilvE" 100.248817937979 47.9770737065276 44.2751846170591
"ilvD" 61.4134653956598 32.3042645290856 31.3315875522039
"ilvA" 59.5600113568543 34.872021349827 50.350812649689
"ilvY" 97.8485799612163 56.7749225078637 31.8079397884509
"ilvC" 94.0073009525266 163.370422988193 258.79099562786
"ppiC" 901.408563968313 590.516132453021 778.206502344601
"yifN" 203.172300088445 121.290851075487 105.616119424581
"rep" 77.6325841954142 37.2120260034366 34.2522258604266
"gpp" 91.3555796802357 53.627362958577 172.654060986767
"rhlB" 183.755721940096 179.902711995868 197.209127480767
"trxA" 3988.91341186051 4599.62311978987 2954.75199346322
"rho" 163.129931014633 123.940012060141 592.205503429528
"rfe" 99.7541493239173 69.4769105626864 78.3643733826212
"wzzE" 92.2747034103625 61.4943861381463 73.4523021152447
"wecB" 63.6879756477447 39.5994379806324 49.8153082472637
"wecC" 60.7457276542465 35.3614671038362 49.9833886570405
"rffG" 73.5219224424334 37.5702360859575 60.294528806896
"rffH" 97.8061548265992 60.5686899442688 68.2653733187096
"rffC" 66.6085499225181 35.4568675123544 44.8159689582301
"wecE" 91.0186423627219 76.5966271796805 78.1054833012653
"wzxE" 64.4565467568309 46.3286656156146 51.6667610918885
"wecF" 97.748026274572 59.1347246408805 53.8689055159131
"wzyE" 86.4096880142902 48.2172393245082 15.7062567896464
"rffM" 114.920787812371 89.8771125362546 34.0426282392374
"yifK" 96.3849587681662 63.4232870817296 15.2485628050322
"aslB" 63.3219755217222 23.823800716952 7.96446627032119
"aslA" 54.6662892217537 30.120772953572 12.9862242006521
"hemY" 161.86717932659 137.651225803865 46.9023343364785
"hemX" 221.82290086049 220.368977588517 62.9171477844844
"hemD" 235.292363979479 173.187860686299 88.8429566243515
"hemC" 358.064494311344 254.304014921153 177.149084255332
"cyaA" 404.383383947857 308.626650560437 707.04868616548
"cyaY" 102.738941561951 89.5347508552699 592.199269388252
"yzcX" 74.518232807416 43.407772744762 65.5867826208372
"dapF" 254.41364504116 199.917540453269 176.827182929722
"yigA" 131.441871016942 90.7927986341038 112.216061210434
"xerC" 107.846291618466 67.3437559804353 88.6889110954271
"yigB" 87.4942080468419 49.4674240127544 72.7756482878069
"uvrD" 125.974962931163 110.496048181682 150.77210845967
"yigE" 91.5003805625932 36.1516482281163 38.5120723594926
"corA" 138.134926426047 77.7635790728219 47.5844169700768
"yigF" 34.4031139699283 20.6075641059894 16.9386234153978
"yigG" 23.5389727162668 19.7832615417498 10.5866396346236
"rarD" 79.2744118159685 51.5754480314108 20.1058003839074
"yigI" 275.019369263653 199.266923862782 140.297314300111
"pldA" 66.9652200925178 31.3668012768246 21.8849969329046
"recQ" 62.7914457602016 34.1792496344601 17.7143810059536
"rhtC" 4796.9769105516 4825.82312600348 5081.12963057793
"rhtB" 325.105900292321 313.692189585934 1369.14028415529
"pldB" 100.760809460139 61.8826504902712 268.257946021849
"yigL" 83.3875157650675 46.6867900752371 184.579500338218
"bioP" 57.6805371951265 37.1346381421986 82.8512882120158
"metR" 41.0723861337261 23.2990164881209 185.092541656997
"metE" 74.2129484586107 39.1885830734545 43.0558003274541
"ysgA" 293.897126495493 374.565924839594 135.522128937536
"udp" 372.32526578726 498.345637160556 62.0890366006417
"rmuC" 74.2220106853651 56.7542019195687 20.7913050245588
"ubiE" 168.925260119713 160.968500210155 114.920745927859
"ubiJ" 107.703408901991 85.6957869781469 86.5098859176739
"ubiB" 78.5027592240945 56.1190605749217 36.5600755774846
"tatA" 6318.60361116181 6974.56180117785 1888.49704552716
"tatB" 213.53999073655 145.027750933746 215.392532853703
"tatC" 108.813215915602 62.9850543678138 74.2273769221501
"tatD" 94.8232425734168 46.978108829273 48.9241083685224
"rfaH" 123.203540277267 78.7470060878785 91.1098625199908
"ubiD" 220.484985489384 173.834135840657 215.883059687126
"fre" 320.587503750447 283.684652658836 435.014614032886
"fadA" 502.73297681909 830.278946329453 37.7853904603815
"fadB" 360.871538126101 452.678607317022 7.94206403576682
"pepQ" 195.354670155783 148.868237110273 100.826197145231
"yigZ" 164.68813916382 89.3587910929073 107.497524959347
"trkH" 114.861102668523 86.1829308463931 66.9783749522802
"hemG" 176.199313158545 140.44912102585 115.792898654974
"rrsA" 113.522608133967 70.9061424767134 49.9445227403855
"rrlA" 127.318494273605 93.7673254036588 64.3636559847921
"mobB" 108.100118106445 51.7040581357071 22.6129050241917
"mobA" 95.1679315976128 59.6243898629594 32.9703349550188
"yihD" 3153.58878242434 2624.32664383302 1872.07533208779
"srkA" 120.024120127921 92.4816026394338 58.1244273793299
"dsbA" 230.756842263199 287.809244852466 104.04314332693
"yihF" 42.7967134733972 20.1873142565664 9.28068929723529
"yihG" 53.0652653622694 28.1301635135489 13.1047724339823
"polA" 96.7627525644339 74.2347424001881 43.3456819387215
"yihA" 225.282739229238 143.565944722926 80.7094477709262
"yihI" 502.075852470366 465.400147254512 139.414240122305
"hemN" 146.527498716498 106.197412839503 62.0087260340152
"glnG" 112.50664504277 87.3650884997335 342.271761920846
"glnL" 113.21177929532 79.8505783265394 303.882094222021
"glnA" 72.4409874832354 49.9351437209261 1540.33958568604
"bipA" 109.242203992011 104.00177535034 248.691139247488
"yihL" 155.275013933745 99.1614774539196 22.413989534919
"yihM" 80.1269844429168 50.865278703596 8.53094020762293
"yihN" 36.4689442243783 19.1948457001579 3.73098349287937
"ompL" 43.6512062665709 30.3286145651121 10.4380512314729
"yihO" 46.3840639485587 21.9559926981673 5.62874208440448
"yihP" 67.2949309709331 26.5065599803643 5.00343467040122
"yihQ" 59.7755190764033 27.1468938476497 7.18617633298332
"yihR" 59.1100902538396 25.4271965710846 4.60750317259722
"yihS" 60.266285145281 26.9888935125693 6.41478699024227
"yihT" 61.9326066934536 35.8486471373081 7.98092579996069
"yihU" 62.9246248393911 22.9123583565618 9.64465699855711
"yihV" 75.6124238533283 39.3225609632886 17.6119823451912
"csqR" 139.55392108998 108.800812806035 32.6856729337219
"yihX" 219.534557301839 289.26498721653 62.6961032182773
"yihY" 125.613007418641 103.935644187574 64.4658529343593
"dtd" 276.61483961329 210.858154251172 128.007810234649
"fabY" 145.860204272656 118.974612324047 49.2777742173495
"fdhE" 166.266332189818 157.617932330341 98.322819892838
"fdoI" 292.358940059811 337.907963565685 104.063936057735
"fdoH" 273.467709906036 360.714117621092 107.188357826582
"fdoG" 345.584315488508 422.751688703341 180.746834855892
"fdhD" 129.206819597623 83.349577505551 67.17044739621
"yiiG" 44.4492963614256 25.6315863462324 9.91916553452121
"frvR" 48.7580217101206 17.5904892050573 4.42038723097472
"frvX" 75.0002593414621 29.6531062544961 7.75671028062312
"frvB" 63.4758725273416 27.7636287290394 5.06559138294555
"frvA" 112.91351436101 52.5427875550478 9.76414472144366
"rhaM" 222.075709079117 112.522276112384 35.1373237381944
"rhaD" 80.0359035311856 35.6184962903642 9.67945861164035
"rhaA" 80.3638749844512 34.0884293901502 7.77454033474707
"rhaB" 60.4559017238054 22.5475047938928 4.32521597426537
"rhaS" 82.1560796173939 41.7139140987536 9.94282850766459
"rhaR" 90.3093219007883 43.8760065666944 9.74244574356268
"rhaT" 94.6906605331698 46.0415528329644 14.6743585537048
"sodA" 954.733714638717 837.333689304862 1205.38684711232
"kdgT" 90.0519324989285 69.036528392759 13.1132403459009
"yiiM" 126.371952422168 86.6194615738053 35.852775166584
"cpxA" 104.480477345677 80.642831398524 135.094739048864
"cpxR" 145.33834868684 190.045635502809 233.812674074632
"cpxP" 1259.04867153669 970.325235769136 163.568241200655
"fieF" 176.140382094757 130.206754192307 104.487875943354
"pfkA" 691.305467304733 775.128777606339 317.758496482912
"sbp" 92.3033292679267 40.9186237618461 18.5020639254732
"cdh" 58.5842492722862 27.4581619641551 19.0639555160701
"tpiA" 475.010967589494 305.371162412854 239.427882049141
"yiiQ" 108.642284579827 43.0263498573328 24.5332577810649
"yiiR" 173.487473141422 95.4378629249915 82.7730059808481
"yiiS" 1923.32735687881 1771.01255264581 3053.74571435131
"uspD" 878.040027650598 753.599003328156 1107.35939560687
"fpr" 225.21272063935 144.498019690559 96.7849743366196
"glpX" 101.499309908222 68.3866026021025 29.0318947015668
"glpK" 132.432458713101 136.022859014138 24.3929131880186
"glpF" 135.878429863016 99.143702605329 24.3655930826036
"rraA" 590.823131544514 618.670377200598 473.617828483214
"menA" 80.068792615312 91.2126760718559 25.8420830115236
"hslU" 640.249977371874 977.200514463357 580.188464465984
"hslV" 837.058571340468 1384.47641147583 634.094936123485
"ftsN" 149.619107495937 143.804302984878 110.188672342404
"cytR" 70.1421155271923 39.3773816824352 24.4511439714903
"priA" 47.6863842730352 24.3691617565958 42.3697534681965
"yiiX" 105.837019723408 45.5928302578242 190.916768701443
"metJ" 618.224082490987 576.302113294171 2726.16488567899
"metB" 76.5943495975063 37.0754217111961 148.519216253885
"metL" 62.8959363110674 43.0328880496217 202.597191222995
"metF" 68.5429412207938 34.3836320209406 269.841005152442
"katG" 185.031966625215 213.282587963513 80.3514297458423
"yijE" 88.0835784153901 40.9104059586559 32.8770971341828
"yijF" 130.950318797143 53.5503121595064 22.2109587753387
"gldA" 157.329501398033 124.708135262099 18.8772478391335
"fsaB" 79.9813078166261 51.7120983913267 10.5438814701419
"ptsA" 59.1583288776616 23.0927902403723 5.0399967364659
"frwC" 69.7819697110025 37.0192991654293 6.2030860897112
"frwB" 490.263019383347 223.836877138174 16.0053856591419
"pflD" 43.6017722652439 25.213038914935 9.56810856382489
"pflC" 74.9896234892246 35.5299924960877 10.5693341675155
"frwD" 364.018064224756 176.334895050938 47.2924306352282
"yijO" 69.3718661898483 28.824328478046 20.5143749173141
"eptC" 50.8097538878726 31.3307888269692 53.9466093390543
"ppc" 837.194419873839 898.540494658562 1839.68728026453
"argE" 149.716004375029 129.805289231968 258.570630670627
"argC" 80.1827127763673 96.5934484069847 845.59548357959
"argB" 113.884123065067 132.841205575753 857.480843819421
"argH" 80.1735745485588 125.385454959547 945.061146875699
"oxyR" 202.164847271993 114.642700254416 123.448157105069
"sthA" 174.924059003669 97.7240333507769 137.441732431958
"fabR" 312.286357878925 267.122023746104 96.5255577441261
"yijD" 1648.87014806371 1968.71537581517 419.559572815292
"trmA" 313.314999761032 343.587249566151 102.361685060091
"btuB" 92.6412122506208 80.0727829761157 25.6005755779048
"murI" 132.236492529946 99.2927891198264 150.210159320137
"rrsB" 117.610443985753 81.3538514440299 51.2009887212758
"rrlB" 133.765953326978 93.914482155861 66.4748220716665
"murB" 64.0459596925259 41.9152313691632 59.3255892059294
"birA" 76.8804322458441 40.916475835936 34.6528662909568
"coaA" 59.426467203883 45.2312927818064 33.0769727718827
"tufB" 1621.02943645012 2143.48060374909 1513.54857771944
"secE" 1949.58029677783 1964.38184429442 849.171654496286
"nusG" 843.539878830604 806.717611409564 340.920127912455
"rplK" 1080.71445881184 959.339760867042 5575.24695704847
"rplA" 858.296467881073 794.932069005226 4350.82227615087
"rplJ" 2729.99883022531 2607.89583411168 8414.56149006538
"rplL" 5946.55581084895 6296.20132285852 13556.5474460607
"rpoB" 695.383161187379 1037.96291254933 1586.09613992046
"rpoC" 633.47008633921 989.85977125164 1714.40820219915
"yjaZ" 100.336515116997 65.3774093561111 75.3583885724539
"thiH" 64.218891781318 29.6538146206377 18.8469279496909
"thiG" 74.3922555754349 32.0566342433498 18.2505799448192
"thiF" 60.7866646584626 27.8561063404473 17.4529170217543
"thiE" 68.8758139107111 34.9469355787216 20.812787211547
"thiC" 54.7857033115055 22.0866411014705 17.084677870577
"rsd" 2411.11255141314 2448.39060051007 171.477407077905
"nudC" 221.660520098387 172.591318738677 66.6194488269879
"hemE" 160.208011755986 104.805922363932 60.0186781040695
"nfi" 160.972781156138 148.617351838561 82.5367478911822
"yjaG" 167.400462566835 101.545635735028 111.145341620383
"hupA" 15599.0933281212 8236.7042437441 2006.55814321154
"yjaH" 64.649945670672 29.2132860165599 23.7837453456769
"zraP" 115.369803839945 55.6663386152818 27.3832615908865
"zraS" 83.8549336539167 36.1806453042066 6.36553390791658
"zraR" 71.0842308020229 30.0339054289209 22.3914054345006
"purD" 71.5556503474303 34.4330018508294 24.4708005499163
"purH" 66.0813635502932 29.3219713341731 22.6116430552351
"rrsE" 120.420831133855 72.9803199922838 48.2692347658652
"rrlE" 130.999805526698 93.7283654651044 66.8820185315234
"yjaA" 152.821654437048 90.0576203687984 45.5098085235523
"yjaB" 153.408389861449 89.5517285761314 51.7151145308976
"metA" 69.1146322043951 35.3205450600204 189.067004580955
"aceB" 2077.22134748202 2238.53156446274 827.184487030759
"aceA" 3668.50581042314 4507.71426614511 998.099209192961
"aceK" 482.525024352359 706.875989035991 180.519356846868
"arpA" 23.4535206371072 12.6692082091367 4.18651963738264
"iclR" 206.27610885936 102.839678014826 28.8022914785395
"metH" 96.4036090936889 82.5687574926476 46.2869167345409
"yjbB" 135.118199925154 101.132254701962 26.3267884701032
"pepE" 143.555942069516 81.5193156134228 25.9653929161768
"rluF" 93.0070778333769 49.2326735625349 46.8248593948891
"yjbD" 3747.60826333347 3866.38543087146 4811.57367905051
"lysC" 93.960067955232 340.800792069305 1386.67061735891
"pgi" 312.448481021793 258.79792273354 322.862493354542
"yjbF" 60.8338618268607 22.1569303645172 4.20016080998473
"yjbG" 59.192619942786 33.0386060597152 9.46843302781317
"yjbH" 56.6935411834099 25.4555523257886 11.3431945475962
"yjbT" 894.215599500864 300.969670701856 190.978163155233
"psiE" 117.440267902803 71.7973785599815 315.348117622762
"xylE" 72.0094129550393 36.6915228624946 52.9721440944017
"malG" 78.9282353451565 88.3034185992335 12.0634802303445
"malF" 64.2330507643106 32.4194835845644 8.87929268718581
"malE" 76.2361855871796 52.6007288504207 9.0663399183607
"malK" 85.8533219031362 48.9293001111793 7.03912938720035
"lamB" 71.2085088822371 42.9211505240632 13.1502758124698
"malM" 128.051050991175 277.023278527434 33.9573525440228
"yjbI" 11.1574950899324 7.52960021258057 1.524438642539
"ubiC" 623.461530228163 470.71978748489 113.695373668731
"ubiA" 405.70328779042 332.883665362369 79.9289460368574
"plsB" 218.983244486803 274.509911667389 64.8910877715916
"dgkA" 248.340595134155 218.120302301302 123.884486410322
"lexA" 1089.05667040832 1219.67900571707 164.347834687326
"dinF" 81.9860893072033 63.8515147799854 34.6117806892604
"zur" 135.811434108447 82.7625031995243 108.467361413201
"yjbM" 31.2143960856559 16.0870735443922 5.04675407560153
"dusA" 57.970769002912 29.9000464450763 25.6249103779363
"qorA" 247.529683803588 213.645587866349 60.2100894755449
"dnaB" 62.7143652375129 32.6342196533883 49.0912248996938
"alr" 103.208065889364 54.4472159803231 63.3367737581038
"tyrB" 79.3815746214685 43.8863019812116 72.1558931300975
"aphA" 109.970850204654 95.6769723835039 16.993960248278
"yjbQ" 361.823925499105 266.596726188577 576.173895869426
"yjbR" 555.020254165233 491.159552091943 700.418235577685
"uvrA" 146.256791038426 236.163079613871 276.486804178997
"ssb" 373.733191460172 420.831189896059 356.981382770797
"yjcB" 536.793863936187 454.987839758884 10121.4296920795
"pdeC" 166.85226828412 124.826251819485 10.4207102787159
"soxS" 2534.81252797791 1923.86838326318 72.7872428981727
"soxR" 212.357624569235 131.579750766423 363.695796104061
"ghxP" 77.7324229565671 32.1731853557869 51.923247606518
"yjcE" 67.862113525095 32.376307333487 37.000698669895
"yjcF" 8.45602973981747 7.62951998674488 1.68724600559474
"actP" 817.33003859044 1620.72819008355 8.598073581255
"yjcH" 6356.16691661581 12388.5181372257 28.5490755372829
"acs" 3538.351799557 6948.86880829204 12.8147886110413
"nrfA" 57.6989225167011 22.5111060501914 5.69977538974148
"nrfB" 77.2581078941473 30.9254770026954 7.74750896256487
"nrfC" 77.4366591393609 30.9219973986682 12.2515485150973
"nrfD" 99.8100662982141 44.9824408615845 7.86308990565387
"nrfE" 67.5034440508703 26.3958764557296 4.8954348803416
"nrfF" 217.307092436496 82.0167614072986 17.5833351113725
"nrfG" 71.992835891233 27.8653566536269 5.10664052300217
"gltP" 71.3759156472017 35.1431503435952 35.7482362395873
"yjcO" 173.791618363804 129.28274560664 118.389827224949
"fdhF" 55.6821250695301 30.0857718322856 21.7908011943896
"mdtP" 49.932289327255 22.1956170792995 5.22532663593011
"mdtO" 53.0002934434386 20.7664302357011 9.45164364641807
"mdtN" 48.802531056397 19.2799723780462 10.5715958247204
"ytcA" 533.355673683953 206.04957695754 18.0434332738136
"yjcS" 54.268482352426 22.2457703802722 5.60669758628881
"alsK" 76.123899149652 41.0601336322736 16.3538970207154
"alsE" 74.1720306919338 26.722230619799 9.45251417584595
"alsC" 56.1949172558076 22.6979469483788 10.5709476485762
"alsA" 42.539715625008 18.7223850939704 5.79931202612277
"alsB" 55.4145476009065 26.4005605754624 5.9305287017573
"alsR" 90.0058824111434 50.6377126126579 21.5872804121952
"rpiB" 132.430490789499 68.9410194745608 29.5318496341053
"yjdP" 230.672805485246 156.919849783129 139.441701005731
"phnP" 99.1690618139885 56.7605416621182 30.6949588504641
"phnO" 215.7162180043 170.244363493291 47.5883725653994
"phnN" 86.5640602822305 52.4440882203446 26.5885063514728
"phnM" 91.889762036764 37.7548783883039 16.1869122949704
"phnL" 99.9147253462843 41.5172146810505 29.0370860878472
"phnK" 100.263643070213 45.8830859428968 16.2816738250288
"phnJ" 67.8460198492975 22.5556131563906 8.65320128167231
"phnI" 98.2138869698005 47.8727986498802 11.4717140974538
"phnH" 60.5308398854075 20.9902188803276 13.8393998576622
"phnG" 140.003032122038 86.3672584040792 18.2643108446336
"phnF" 88.1471177400646 38.552677184992 17.1334177321792
"phnE" 131.485795838173 58.7764132956782 14.0567561728487
"phnD" 76.7469812167279 34.6378784000059 4.24103931481225
"phnC" 48.5253420280231 26.2993757862833 11.3380939662944
"yjdN" 667.742720210882 442.363960436312 94.2206881179366
"yjdM" 876.862285337788 850.951167675308 191.482932518892
"rdcA" 82.2209893887515 58.7940030760184 6.55601478329469
"rdcB" 99.8685338703555 56.4018714960314 9.27512998373808
"proP" 111.288550577607 104.90710862181 548.290955762708
"basS" 136.106164322071 103.056264681664 25.905343405642
"basR" 209.438826157888 191.003471911845 23.3810947317554
"eptA" 64.9221346866351 37.355229200567 6.59766262735732
"adiC" 66.5450228430641 30.7042532360267 15.3014960451086
"adiY" 39.8220477142423 20.2483631666814 72.1718716041647
"adiA" 45.5581052868195 23.678143346787 15.0012059870135
"melR" 209.850548020892 197.830189423061 18.7303261589373
"melA" 248.158512630253 459.998715371046 15.6635159685879
"melB" 118.767294125609 193.267019059078 22.0526598751995
"yjdF" 83.2840870099894 49.1352315658063 27.5953991597155
"fumB" 67.7728005813094 36.4933480045079 10.9401583478234
"dcuB" 73.4306183792713 36.7244663719691 9.42849963912926
"dcuR" 125.634663237517 62.0196877221262 38.4676259713159
"dcuS" 52.3602918437877 28.3514837525017 19.6716895259879
"yjdJ" 5095.35601464829 3762.12335183672 381.870926908771
"ghoS" 217.971961278596 75.1866763798152 127.356982162924
"lysU" 55.4578909926148 39.1444699632004 193.327536863978
"dtpC" 38.6420288825373 20.6360722687581 39.2027734616869
"cadA" 40.6485295159706 37.1249038900994 49.9194497949906
"cadB" 26.4079298355595 18.419061900234 137.347010838393
"cadC" 0 0 0
"yjdC" 0 0 0
"dsbD" 0 0 0.0933971927803763
"cutA" 0 0 0
"dcuA" 0 0 0
"aspA" 2706.28354582353 2095.12286644086 230.954898792325
"fxsA" 1803.798457673 2626.08163476351 1228.11635914246
"yjeH" 84.9865508218268 53.2631317845503 74.0789501412469
"groS" 18040.5765375827 18608.9836109763 3710.4762524141
"groL" 2510.42732745611 3251.81290263515 659.991676611612
"yjeI" 738.480876752994 1164.45847539896 521.192221931855
"yjeJ" 48.7019782491039 31.2051167341604 38.95529454057
"epmB" 80.518978150027 52.6824467667464 35.6649436575235
"efp" 397.327412027045 242.571710239891 232.855686041533
"gdx" 512.026080590695 389.440518983638 615.585619346867
"blc" 563.356483921836 532.737009197626 93.8080822309658
"ampC" 76.2130816859998 42.9585679485285 8.88716927709
"frdD" 867.191680264891 1104.40130838412 168.584360073818
"frdC" 535.431942621828 844.284113151726 107.030324284353
"frdB" 257.816240836267 377.157130091863 65.290951189717
"frdA" 252.809869492787 360.669895568641 75.2834616603797
"epmA" 80.9182920603686 45.44870784753 42.4588956328396
"yjeM" 56.215211025784 32.882515164691 18.5714935784138
"yjeN" 330.112540523012 143.880943225671 48.3138201400173
"yjeO" 438.149371966907 191.841257634228 68.0785647427516
"mscM" 59.0673796916311 30.7370442310048 25.5274409699052
"psd" 195.931308072287 169.924456442483 148.401351995015
"rsgA" 151.892453885656 138.711570746898 116.101619940388
"orn" 230.473288144475 133.184511317617 63.6630279457628
"queG" 142.328000232059 113.549658738194 119.469075457415
"nnr" 286.256084377104 265.479739211403 73.1625543179161
"tsaE" 393.131665936265 431.092486023202 187.701524433001
"amiB" 214.321565199275 222.788599373313 111.962166183722
"mutL" 137.15239048796 107.822521931743 106.609379431542
"miaA" 823.75198687936 894.495187536734 879.924848767803
"hfq" 7539.53792717945 8627.929024455 4709.39564617343
"hflX" 647.220445968881 646.398141436563 448.665875193146
"hflK" 613.866447231771 683.34493135862 477.195923994821
"hflC" 301.821216830969 302.350725493096 296.048185227759
"purA" 158.79055431811 188.30730216755 1289.14222492641
"nsrR" 180.636150012256 155.626323010465 222.977987240076
"rnr" 156.541118161127 159.601993386163 213.538192981921
"rlmB" 124.752035794761 105.817529302219 139.85999083559
"yjfI" 33.925419147791 16.8225447386945 5.45330081902618
"yjfJ" 78.8908502289867 32.8362873176451 6.66305547881076
"yjfK" 58.1828202722532 22.9642011693515 6.30663999440031
"yjfL" 104.767697631132 45.8401668031721 12.0592203437499
"yjfM" 65.7351682299726 38.3184560421652 7.0002680166412
"yjfC" 45.5382826191247 18.8575893022182 7.11254408666005
"aidB" 117.808786797624 88.8168067569997 31.6516233609519
"yjfN" 91688.0510089589 67701.0226690158 697.679419920792
"bsmA" 24499.9626669466 19802.1333373113 220.63560285717
"yjfP" 92.7433902489933 68.0789335531463 38.5887361043912
"ulaR" 105.275455459221 52.5286576705576 26.3136287404911
"ulaG" 79.3579059079189 39.9144050124321 10.1416602890533
"ulaA" 67.7363651712413 36.0940887364932 4.36156952949839
"ulaB" 529.509363740969 268.524573773054 48.8880547314916
"ulaC" 130.722658340358 65.7898753832116 17.8657584051118
"ulaD" 86.071689072904 51.2849367886174 15.9539197854903
"ulaE" 77.8331257470757 41.6088130234998 13.9071089125881
"ulaF" 159.917689410868 74.2317589096062 12.4500538901025
"yjfY" 1143.90756329585 872.276542453585 264.637021349265
"rpsF" 716.59312621568 819.387617187148 2014.63274117539
"priB" 1096.37377094916 1023.76824987497 2810.98589905555
"rplI" 503.235865000096 502.956073893955 1566.56160500916
"yjfZ" 37.9761949768014 17.704511009328 8.22246180211276
"ytfA" 112.570708990398 48.3648161237469 15.4510189872408
"ytfB" 438.234454866485 361.288299826128 80.5030821913739
"fklB" 162.855655826134 108.396253993045 51.7695843566363
"cycA" 235.791021312806 321.383385042269 77.0271388980381
"ytfE" 84.5904001314823 36.0269121494077 68.2057332599803
"ytfF" 99.4650260243012 78.3417847916725 15.52751385715
"qorB" 70.1495915081047 43.3257162591203 58.1882517296974
"ytfH" 233.579036953724 235.750533372518 246.66870348673
"cpdB" 98.9921923000243 65.3632898180004 35.4336677485452
"cysQ" 966.606468240021 879.482429978051 188.756686659837
"ytfI" 52.7568874061185 47.3395707384209 5.31411469526787
"ytfJ" 1687.77634421857 1634.01165072722 28.6433385579603
"paeA" 83.5012964834173 79.6066035896817 50.3531824999604
"msrA" 369.327853081556 300.291573881457 74.2028409763967
"tamA" 89.102236045351 58.3861608417294 42.3736036193585
"tamB" 70.3925836906094 47.2725478331897 32.2877313549586
"ytfP" 501.863140015748 273.074177752494 405.799566095828
"chpB" 232.620448350775 166.275336356574 185.541787787367
"ppa" 896.358624346273 876.4820331158 378.803646656591
"ytfQ" 1081.77189595427 1516.81356402129 34.5208825126268
"ytfR" 269.920849190991 409.169417615576 13.3887511844379
"ytfT" 184.051770621149 333.420901762059 7.85929627655042
"yjfF" 169.74660527947 272.035256673698 13.4464141517322
"fbp" 172.012637725895 165.278331392784 83.4304017586526
"mpl" 80.6636330726942 43.5046853597299 74.2900659475483
"yjgA" 583.604431557585 462.440759982272 175.847928182707
"tldE" 183.008726522751 157.449564672739 66.5061810936589
"cybC" 948.815378905848 710.470485061164 173.303441261171
"nrdG" 130.722658340358 184.308400889733 47.8547100136923
"nrdD" 125.957634469674 345.156452852779 36.4913640298045
"treC" 53.5713993088716 23.701591832319 5.86784945362798
"treB" 55.155381053586 24.2431436188142 9.9294698914511
"treR" 65.2416187081512 36.8304551356436 40.7963294086238
"mgtA" 62.3522296385667 29.886593087357 11.4288040500649
"ridA" 386.364816446502 314.71969650609 515.639915329027
"pyrI" 125.628851924536 58.9192463813031 31.0678385268417
"pyrB" 72.0550677259602 25.6712633219966 17.9892703953306
"yjgH" 380.841065955076 272.396955847738 35.9924984319062
"bdcA" 68.8220200405496 60.6678983977217 24.6119424285405
"bdcR" 84.4198624122149 50.0185019901531 29.3247324108521
"tabA" 143.403915493424 121.839525248612 69.6749635924913
"yjgL" 11.9352661698797 8.48485776048945 5.18392915399956
"argI" 90.0039956941306 62.4549419836941 298.382100575219
"rraB" 931.400316891723 1290.55612344969 704.120821169943
"yjgM" 102.171942327307 61.6956673914138 65.1822135159115
"yjgN" 20.7432382434363 10.6209119986175 2.71690351339358
"valS" 149.569336700816 183.911319289771 202.480650322655
"holC" 394.818491736443 393.811818437204 133.892556799173
"pepA" 418.407816291722 467.661228852231 98.1966622632284
"lptF" 161.526672069094 172.496736480687 89.7853660558188
"lptG" 192.527380149198 159.511672439135 138.08873050544
"yjgR" 157.753935941106 142.781427293429 20.5150219761548
"idnR" 61.1797525932307 32.1485697059411 26.965574538046
"idnT" 49.6493090728125 23.6057271933221 11.385194674258
"idnO" 79.3868550034794 45.7269496506985 6.3307516207385
"idnD" 60.5434298322839 48.1360899769763 5.37245033715298
"idnK" 70.1116198477614 35.1364031007305 16.0793386429459
"ahr" 334.657398015279 292.21958058798 31.5072728854613
"intB" 140.391867919775 137.587419528263 27.1990197550821
"insC6" 573.872104855011 408.244260676511 233.981833243214
"insD6" 186.311138989942 106.397585646206 92.221291332362
"yjgX" 84.6567298744705 54.0405801925348 105.44970185269
"yjgZ" 277.748888237337 131.006480094172 75.8986473828663
"insG" 70.7825198598398 38.1510385638711 23.4579342751968
"nanX" 33.7378801925461 28.1804539288689 5.45536978550066
"nanY" 44.8741826795396 29.1401248949997 6.07943124213896
"insO" 17.422955141031 9.47625729243814 8.40487409668556
"insI3" 0 0 0
"yjhV" 167.904695149125 97.8949521582819 58.2477991542927
"fecE" 100.206025756769 37.2972412107303 29.6334618527415
"fecD" 66.5922734328745 24.754487895526 21.6714429107046
"fecC" 55.1208882059783 21.0766556578369 15.3830458774088
"fecB" 74.5666612725155 35.8873739469964 41.3381457509492
"fecA" 52.8114510821182 23.7390575586296 58.1582774416981
"fecR" 44.8491572724596 20.3156058402517 213.597948696784
"fecI" 97.6441681484082 35.5157251736633 474.931378234486
"insA7" 645.64107867005 521.992261625768 625.505686825536
"insB7" 108.445658084247 46.6776430921882 79.1883089821406
"yjhU" 131.741118087844 81.9045278507596 128.572704867568
"yjhF" 57.3977813841664 30.3657030324282 14.3957819193427
"yjhG" 81.0464050191698 54.2412700851619 24.3147076639009
"yjhH" 93.6627686029292 51.9012612908323 20.4706453854346
"yjhI" 79.2924737819614 54.8369963203354 3.02349172434518
"sgcR" 100.671372071337 121.690281907153 25.2264933775193
"sgcE" 160.832540750132 247.664498737888 33.4215334381809
"sgcA" 284.380799662364 496.052534015971 47.6324200237165
"sgcQ" 378.812503462293 858.350879947472 93.8487031160193
"sgcC" 216.613990737734 520.79157902796 17.1744195457093
"sgcB" 2800.30674580534 7563.99247877118 122.013826460288
"sgcX" 229.163539956014 457.756687335307 27.1852618823329
"yjhP" 98.2501709562103 38.9111076866584 17.2244445853306
"yjhQ" 118.485438349564 63.9977521915818 15.6850938417097
"yjhR" 59.291370827209 29.1687397052681 7.06839885802042
"nanS" 49.2273533912059 33.3632473217135 13.3527759771489
"nanM" 89.3445457837376 61.4346550286977 26.3984759448672
"nanC" 45.6595457293628 19.87337558591 3.78433371096596
"fimB" 62.447929773382 38.6138873360963 7.72146977471003
"fimE" 62.2640742843097 35.7849843341314 14.9271030672371
"fimA" 3.40413607532019 162.602851800133 2221.56170853641
"fimI" 322.091925959231 65.024017954186 151.658757002064
"fimC" 92.8357942155998 23.5128965249127 29.9834810313135
"fimD" 53.0423919218762 19.7513588161461 8.26381900350707
"fimF" 105.691250935519 48.9369135156323 14.5880736838225
"fimG" 107.99753553018 43.4305027031665 27.4734949529875
"fimH" 98.3464621339095 53.5243312286399 38.0144757408226
"gntP" 86.5230563079078 38.7128003758039 9.64999566338307
"uxuA" 159.482287259257 78.188786559578 19.9875314569649
"uxuB" 122.181861543188 59.0470360563001 23.5749514075529
"uxuR" 117.524705287064 77.1765407485523 91.5045347701429
"yjiC" 18.5551710878764 11.4021849401437 3.5044685287232
"iraD" 417.455549178065 802.155512077323 490.548094742567
"hypT" 92.8002485784631 48.3975610773826 111.050352162808
"iadA" 61.8331499282055 31.1908777111435 46.0724463030104
"yjiG" 87.7235948783401 34.8605541089376 31.7150851628175
"yjiH" 73.6966536181892 32.1394144218142 17.8649797917955
"kptA" 101.896486204195 48.9566388274518 57.7342292808888
"yjiJ" 70.8159297991549 39.2428805516723 35.7151768923756
"yjiK" 51.0674487403559 27.2426852235379 19.0999604914274
"yjiL" 78.4875523631349 60.4137605027974 22.2906571458674
"yjiM" 126.456772297142 116.990469188643 24.175302867579
"yjiN" 148.116377671332 118.588343905886 47.138147262025
"mdtM" 68.9039291852299 45.8708230442617 40.4952633361618
"rpnD" 82.7788084471982 41.7697996702646 22.6382350293485
"yjiR" 61.2677874656168 27.1663786399367 51.545351256542
"yjiT" 42.3528181602441 24.5044381969635 18.8846435016138
"yjiV" 54.4696087938964 31.3146417164381 28.7041576041022
"mcrC" 22.4789503044793 12.1485854488802 9.86165167288006
"mcrB" 20.2771778548136 12.5768135172699 11.4973389140796
"symE" 161.934506511748 94.29018693696 41.1901815210051
"hsdS" 38.7676151760972 25.0810646084729 17.3739417712463
"hsdM" 65.2604770465627 43.9829570012596 40.6807685324096
"hsdR" 155.462800514424 149.742893366457 42.1757559742922
"mrr" 79.7025468644796 39.8951892970369 28.1465689292573
"yjiA" 95.8928737433393 55.1671444528867 35.671578596381
"btsT" 60.5585265932258 26.9665229094243 11.8735625070299
"tsr" 66.553665418759 26.3821290038312 17.1225770941931
"lgoT" 123.452953607119 72.941018984535 24.9503072070892
"lgoR" 90.040534114684 51.1862806075193 4.8950554659578
"lgoD" 76.715616293515 33.9773216679361 8.24060357060584
"opgB" 74.8361801558938 50.8173148132376 9.39772817885737
"yjjA" 241.034453368346 134.052671879914 192.219430107354
"dnaC" 172.778458211375 135.458284844833 120.583279442444
"dnaT" 189.741425474166 174.575352550913 170.027364216599
"yjjB" 129.30204426984 53.7362507527829 32.4365919888333
"yjjP" 65.8414216012469 30.1255116985697 10.6896253962512
"yjjQ" 43.6046912224787 22.6655849384294 7.71003797948063
"bglJ" 61.4250850396722 27.8775915774031 111.883693343445
"fhuF" 49.7642869308663 53.9043943420983 781.068695455837
"rsmC" 85.1568802781188 47.1146344867485 119.060431665293
"holD" 163.478597889337 74.9033329814282 169.861796949541
"rimI" 261.514719789489 193.7183581575 181.334116255382
"yjjG" 240.734056687396 244.519553242475 160.197106378115
"prfC" 85.9468169405677 69.1583869346405 74.800122785398
"osmY" 1460.47085854195 1043.48903277057 1211.52118995326
"yjjU" 66.8086163452248 46.4948358818558 66.7597630270319
"yjjV" 57.3485035686907 32.4488052895707 58.9409921645879
"yjjW" 63.4718098830864 31.3526706676085 18.564090303918
"yjjI" 91.2503166115685 80.1756860400821 20.5878773233223
"deoC" 426.857726196262 498.497143249719 106.093785896258
"deoA" 298.184654263703 356.791953973358 101.548572553956
"deoB" 824.489274414173 1083.70208839712 1870.04881565786
"deoD" 1037.37657660014 1166.78561295917 1033.13052608677
"yjjJ" 128.844451380118 117.899968032395 31.2736343502579
"lplA" 101.848437479342 63.1555301654242 26.6832056890271
"ytjB" 115.796001895741 70.8187243756296 47.5614590165207
"serB" 87.3373047775052 64.521233870141 27.7191851883954
"radA" 90.2256363611628 61.8386820141279 32.6087113770208
"nadR" 177.870892114966 165.155214978346 121.072573035668
"ettA" 517.809970851152 455.020120142563 150.220575268865
"slt" 161.218082436577 270.603294050132 62.4700660123188
"trpR" 437.863603975067 490.874641826854 275.579642893549
"yjjX" 131.806712313469 62.2257912368355 93.081405617879
"ytjC" 123.91137313967 101.075014810716 90.9791528545037
"rob" 532.140732927709 465.166429244455 295.009758655553
"creA" 118.569463520169 75.0454536375073 45.9008377200472
"creB" 104.681501119718 49.6004849929557 16.0738146623952
"creC" 81.3484504166612 31.4517217415021 16.6986734348
"creD" 63.6334927920264 29.2908463186264 10.1845258870363
"arcA" 5144.9462994102 5749.45396298458 834.882237157721
"yjtD" 168.617211714819 111.232012571715 168.386978863636
